VIN (1-10),County,City,State,Postal Code,Model Year,Make,Model,Electric Vehicle Type,Clean Alternative Fuel Vehicle (CAFV) Eligibility,Electric Range,Base MSRP,Legislative District,DOL Vehicle ID,Vehicle Location,Electric Utility,2020 Census Tract
5YJ3E1EBXK,King,Seattle,WA,98178,2019,TESLA,MODEL 3,Battery Electric Vehicle (BEV),Clean Alternative Fuel Vehicle Eligible,220,0,37,477309682,POINT (-122.23825 47.49461),CITY OF SEATTLE - (WA)|CITY OF TACOMA - (WA),53033011902
5YJYGDEE3L,Kitsap,Poulsbo,WA,98370,2020,TESLA,MODEL Y,Battery Electric Vehicle (BEV),Clean Alternative Fuel Vehicle Eligible,291,0,23,109705683,POINT (-122.64681 47.73689),PUGET SOUND ENERGY INC,53035091100
KM8KRDAF5P,Kitsap,Olalla,WA,98359,2023,HYUNDAI,IONIQ 5,Battery Electric Vehicle (BEV),Eligibility unknown as battery range has not been researched,0,0,26,230390492,POINT (-122.54729 47.42602),PUGET SOUND ENERGY INC,53035092802
5UXTA6C0XM,Kitsap,Seabeck,WA,98380,2021,BMW,X5,Plug-in Hybrid Electric Vehicle (PHEV),Clean Alternative Fuel Vehicle Eligible,30,0,35,267929112,POINT (-122.81585 47.64509),PUGET SOUND ENERGY INC,53035091301
JTMAB3FV7P,Thurston,Rainier,WA,98576,2023,TOYOTA,RAV4 PRIME,Plug-in Hybrid Electric Vehicle (PHEV),Clean Alternative Fuel Vehicle Eligible,42,0,2,236505139,POINT (-122.68993 46.88897),PUGET SOUND ENERGY INC,53067012530
5YJSA1DN0C,Thurston,Olympia,WA,98502,2012,TESLA,MODEL S,Battery Electric Vehicle (BEV),Clean Alternative Fuel Vehicle Eligible,265,59900,22,186637195,POINT (-122.92333 47.03779),PUGET SOUND ENERGY INC,53067010600
WBY1Z6C30H,King,Bellevue,WA,98004,2017,BMW,I3,Battery Electric Vehicle (BEV),Clean Alternative Fuel Vehicle Eligible,81,0,48,196789610,POINT (-122.1872 47.61001),PUGET SOUND ENERGY INC||CITY OF TACOMA - (WA),53033024001
3MW5P9J0XN,Snohomish,Marysville,WA,98271,2022,BMW,330E,Plug-in Hybrid Electric Vehicle (PHEV),Not eligible due to low battery range,22,0,39,204822761,POINT (-122.1677 48.11026),PUGET SOUND ENERGY INC,53061052808
5YJ3E1EA6J,King,Kirkland,WA,98034,2018,TESLA,MODEL 3,Battery Electric Vehicle (BEV),Clean Alternative Fuel Vehicle Eligible,215,0,45,2039222,POINT (-122.22901 47.72201),PUGET SOUND ENERGY INC||CITY OF TACOMA - (WA),53033022205
5YJ3E1EA2J,King,Redmond,WA,98052,2018,TESLA,,Battery Electric Vehicle (BEV),Clean Alternative Fuel Vehicle Eligible,215,0,45,474817283,POINT (-122.13158 47.67858),PUGET SOUND ENERGY INC||CITY OF TACOMA - (WA),53033032321
1N4AZ0CP1E,King,Newcastle,WA,98059,2014,NISSAN,,Battery Electric Vehicle (BEV),Clean Alternative Fuel Vehicle Eligible,84,0,41,130630342,POINT (-122.15734 47.48718),PUGET SOUND ENERGY INC||CITY OF TACOMA - (WA),53033025005
5YJXCDE27L,King,Seattle,WA,98125,2020,TESLA,,Battery Electric Vehicle (BEV),Clean Alternative Fuel Vehicle Eligible,289,0,46,241435680,POINT (-122.30253 47.72656),CITY OF SEATTLE - (WA)|CITY OF TACOMA - (WA),53033002200
KNDCC3LD3K,King,Seattle,WA,98125,2019,KIA,,Plug-in Hybrid Electric Vehicle (PHEV),Not eligible due to low battery range,26,0,46,474771398,POINT (-122.30253 47.72656),CITY OF SEATTLE - (WA)|CITY OF TACOMA - (WA),53033001100
LPSED3KA8M,King,Seattle,WA,98125,2021,POLESTAR,PS2,Battery Electric Vehicle (BEV),Clean Alternative Fuel Vehicle Eligible,233,0,46,183391526,POINT (-122.30253 47.72656),CITY OF SEATTLE - (WA)|CITY OF TACOMA - (WA),53033002200
5YJSA1H29F,Thurston,Olympia,WA,98506,2015,TESLA,,Battery Electric Vehicle (BEV),Clean Alternative Fuel Vehicle Eligible,208,0,22,241126567,POINT (-122.87741 47.05997),PUGET SOUND ENERGY INC,53067010300
WBY7Z6C52J,King,Kent,WA,98031,2018,BMW,,Battery Electric Vehicle (BEV),Clean Alternative Fuel Vehicle Eligible,114,0,11,221792728,POINT (-122.17743 47.41185),PUGET SOUND ENERGY INC||CITY OF TACOMA - (WA),53033029306
1N4AZ0CP2G,Kitsap,Olalla,WA,98359,2016,NISSAN,,Battery Electric Vehicle (BEV),Clean Alternative Fuel Vehicle Eligible,84,0,26,225541921,POINT (-122.54729 47.42602),PUGET SOUND ENERGY INC,53035092802
1N4AZ0CP5F,King,Issaquah,WA,98029,2015,NISSAN,LEAF,Battery Electric Vehicle (BEV),Clean Alternative Fuel Vehicle Eligible,84,0,5,112393263,POINT (-122.00292 47.54748),PUGET SOUND ENERGY INC||CITY OF TACOMA - (WA),53033032220
5UXTA6C01N,Snohomish,Edmonds,WA,98026,2022,BMW,,Plug-in Hybrid Electric Vehicle (PHEV),Clean Alternative Fuel Vehicle Eligible,30,0,21,197473496,POINT (-122.31768 47.87166),PUGET SOUND ENERGY INC,53061050101
5YJ3E1EB5J,Yakima,Yakima,WA,98908,2018,TESLA,,Battery Electric Vehicle (BEV),Clean Alternative Fuel Vehicle Eligible,215,0,14,301024209,POINT (-120.60272 46.59656),PACIFICORP,53077002801
5YJ3E1EB0J,Thurston,Olympia,WA,98512,2018,TESLA,,Battery Electric Vehicle (BEV),Clean Alternative Fuel Vehicle Eligible,215,0,35,104823078,POINT (-122.9131 47.01359),PUGET SOUND ENERGY INC,53067012730
WBY1Z2C58F,King,Woodinville,WA,98072,2015,BMW,,Battery Electric Vehicle (BEV),Clean Alternative Fuel Vehicle Eligible,81,0,45,135735155,POINT (-122.15545 47.75448),PUGET SOUND ENERGY INC||CITY OF TACOMA - (WA),53033021906
JM3KKEHA1S,Thurston,Yelm,WA,98597,2025,MAZDA,,Plug-in Hybrid Electric Vehicle (PHEV),Not eligible due to low battery range,26,0,2,277393924,POINT (-122.60735 46.94239),PUGET SOUND ENERGY INC,53067012532
5YJ3E1EA8K,King,Seattle,WA,98144,2019,TESLA,,Battery Electric Vehicle (BEV),Clean Alternative Fuel Vehicle Eligible,220,0,37,345180846,POINT (-122.30866 47.57874),CITY OF SEATTLE - (WA)|CITY OF TACOMA - (WA),53033009300
5YJ3E1EB0K,Snohomish,Mukilteo,WA,98275,2019,TESLA,MODEL 3,Battery Electric Vehicle (BEV),Clean Alternative Fuel Vehicle Eligible,220,0,21,476272863,POINT (-122.29196 47.89908),PUGET SOUND ENERGY INC,53061042005
5YJSA1E45G,Snohomish,Bothell,WA,98012,2016,TESLA,,Battery Electric Vehicle (BEV),Clean Alternative Fuel Vehicle Eligible,210,0,1,477081811,POINT (-122.21061 47.83448),PUGET SOUND ENERGY INC,53061052107
1N4AZ0CP9D,King,Kent,WA,98031,2013,NISSAN,,Battery Electric Vehicle (BEV),Clean Alternative Fuel Vehicle Eligible,75,0,33,214316014,POINT (-122.17743 47.41185),PUGET SOUND ENERGY INC||CITY OF TACOMA - (WA),53033029305
1N4BZ0CP2H,Thurston,Olympia,WA,98506,2017,NISSAN,,Battery Electric Vehicle (BEV),Clean Alternative Fuel Vehicle Eligible,107,0,22,310586839,POINT (-122.87741 47.05997),PUGET SOUND ENERGY INC,53067012100
1N4AZ0CP0D,Kitsap,Kingston,WA,98346,2013,NISSAN,,Battery Electric Vehicle (BEV),Clean Alternative Fuel Vehicle Eligible,75,0,23,119157545,POINT (-122.4977 47.79802),PUGET SOUND ENERGY INC,53035090102
1G1FZ6S04K,Island,Langley,WA,98260,2019,CHEVROLET,,Battery Electric Vehicle (BEV),Clean Alternative Fuel Vehicle Eligible,238,0,10,151504111,POINT (-122.40618 48.0399),PUGET SOUND ENERGY INC,53029972000
YV4H600N5P,Kitsap,Poulsbo,WA,98370,2023,VOLVO,,Plug-in Hybrid Electric Vehicle (PHEV),Clean Alternative Fuel Vehicle Eligible,32,0,23,276844494,POINT (-122.64681 47.73689),PUGET SOUND ENERGY INC,53035091100
5YJ3E1EB5J,Yakima,Yakima,WA,98908,2018,TESLA,,Battery Electric Vehicle (BEV),Clean Alternative Fuel Vehicle Eligible,215,0,14,271848468,POINT (-120.60272 46.59656),PACIFICORP,53077000902
5YJ3E1EA4K,King,Seattle,WA,98115,2019,TESLA,,Battery Electric Vehicle (BEV),Clean Alternative Fuel Vehicle Eligible,220,0,46,228724338,POINT (-122.31676 47.68156),CITY OF SEATTLE - (WA)|CITY OF TACOMA - (WA),53033002000
1C4RJYE63P,Snohomish,Arlington,WA,98223,2023,JEEP,GRAND CHEROKEE,Plug-in Hybrid Electric Vehicle (PHEV),Not eligible due to low battery range,25,0,39,261488244,POINT (-122.1264 48.19471),PUGET SOUND ENERGY INC,53061053507
5YJSA1V24F,Yakima,Selah,WA,98942,2015,TESLA,,Battery Electric Vehicle (BEV),Clean Alternative Fuel Vehicle Eligible,208,0,15,258112970,POINT (-120.53145 46.65405),PACIFICORP,53077003200
LPSED3KAXM,Snohomish,Bothell,WA,98012,2021,POLESTAR,,Battery Electric Vehicle (BEV),Clean Alternative Fuel Vehicle Eligible,233,0,44,179071966,POINT (-122.21061 47.83448),PUGET SOUND ENERGY INC,53061052005
5YJ3E1EA7J,Kitsap,Bainbridge Island,WA,98110,2018,TESLA,,Battery Electric Vehicle (BEV),Clean Alternative Fuel Vehicle Eligible,215,0,23,347915809,POINT (-122.521 47.62728),PUGET SOUND ENERGY INC,53035090700
5YJXCBE2XL,King,Redmond,WA,98052,2020,TESLA,MODEL X,Battery Electric Vehicle (BEV),Clean Alternative Fuel Vehicle Eligible,293,0,48,258859702,POINT (-122.13158 47.67858),PUGET SOUND ENERGY INC||CITY OF TACOMA - (WA),53033022803
5YJ3E1EB4K,King,Redmond,WA,98052,2019,TESLA,,Battery Electric Vehicle (BEV),Clean Alternative Fuel Vehicle Eligible,220,0,45,478387801,POINT (-122.13158 47.67858),PUGET SOUND ENERGY INC||CITY OF TACOMA - (WA),53033032323
1N4BZ0CP7H,Kitsap,Poulsbo,WA,98370,2017,NISSAN,LEAF,Battery Electric Vehicle (BEV),Clean Alternative Fuel Vehicle Eligible,107,0,23,167129224,POINT (-122.64681 47.73689),PUGET SOUND ENERGY INC,53035090502
7SAYGDEE8P,Thurston,Olympia,WA,98502,2023,TESLA,,Battery Electric Vehicle (BEV),Eligibility unknown as battery range has not been researched,0,0,22,253190605,POINT (-122.92333 47.03779),PUGET SOUND ENERGY INC,53067010520
1G1RA6S59J,Thurston,Olympia,WA,98512,2018,CHEVROLET,,Plug-in Hybrid Electric Vehicle (PHEV),Clean Alternative Fuel Vehicle Eligible,53,0,35,234259574,POINT (-122.9131 47.01359),PUGET SOUND ENERGY INC,53067011810
5UX43EU02R,Kitsap,Poulsbo,WA,98370,2024,BMW,X5,Plug-in Hybrid Electric Vehicle (PHEV),Clean Alternative Fuel Vehicle Eligible,39,0,23,259427829,POINT (-122.64681 47.73689),PUGET SOUND ENERGY INC,53035940100
5YJ3E1EBXJ,King,Bothell,WA,98011,2018,TESLA,,Battery Electric Vehicle (BEV),Clean Alternative Fuel Vehicle Eligible,215,0,1,131817829,POINT (-122.20563 47.76144),PUGET SOUND ENERGY INC||CITY OF TACOMA - (WA),53033022102
5YJ3E1EB2R,Yakima,Yakima,WA,98902,2024,TESLA,,Battery Electric Vehicle (BEV),Eligibility unknown as battery range has not been researched,0,0,14,269850059,POINT (-120.52401 46.59739),PACIFICORP,53077000500
KL8CK6S02G,King,Bothell,WA,98011,2016,,,Battery Electric Vehicle (BEV),Clean Alternative Fuel Vehicle Eligible,82,0,1,8739447,POINT (-122.20563 47.76144),PUGET SOUND ENERGY INC||CITY OF TACOMA - (WA),53033021803
5YJSA1H17E,Snohomish,Bothell,WA,98012,2014,TESLA,,Battery Electric Vehicle (BEV),Clean Alternative Fuel Vehicle Eligible,208,69900,1,107752550,POINT (-122.21061 47.83448),PUGET SOUND ENERGY INC,53061052009
3C3CFFGEXH,King,Seatac,WA,98188,2017,,,Battery Electric Vehicle (BEV),Clean Alternative Fuel Vehicle Eligible,84,0,33,100502083,POINT (-122.29179 47.43473),PUGET SOUND ENERGY INC||CITY OF TACOMA - (WA),53033028802
KNDCS3LFXP,Kitsap,Silverdale,WA,98383,2023,,NIRO,Plug-in Hybrid Electric Vehicle (PHEV),Clean Alternative Fuel Vehicle Eligible,33,0,23,253387760,POINT (-122.69275 47.65171),PUGET SOUND ENERGY INC,53035090400
1G1RA6S51J,Kitsap,Poulsbo,WA,98370,2018,,,Plug-in Hybrid Electric Vehicle (PHEV),Clean Alternative Fuel Vehicle Eligible,53,0,23,154300961,POINT (-122.64681 47.73689),PUGET SOUND ENERGY INC,53035091100
7SAYGDEF5N,Snohomish,Bothell,WA,98012,2022,,,Battery Electric Vehicle (BEV),Eligibility unknown as battery range has not been researched,0,0,1,207278711,POINT (-122.21061 47.83448),PUGET SOUND ENERGY INC,53061052009
5LMTJ5DZ9R,Yakima,Yakima,WA,98908,2024,,CORSAIR,Plug-in Hybrid Electric Vehicle (PHEV),Not eligible due to low battery range,28,0,14,270125369,POINT (-120.60272 46.59656),PACIFICORP,53077000401
KMHC75LJ2L,Kitsap,Bremerton,WA,98311,2020,,,Battery Electric Vehicle (BEV),Clean Alternative Fuel Vehicle Eligible,170,0,23,270084895,POINT (-122.60915 47.62631),PUGET SOUND ENERGY INC,53035091900
5YJ3E1EB2K,Yakima,Yakima,WA,98901,2019,,MODEL 3,Battery Electric Vehicle (BEV),Clean Alternative Fuel Vehicle Eligible,220,0,14,245782106,POINT (-120.50729 46.60464),PACIFICORP,53077001503
1N4BZ1CV2N,Thurston,Olympia,WA,98501,2022,NISSAN,,Battery Electric Vehicle (BEV),Eligibility unknown as battery range has not been researched,0,0,22,180122260,POINT (-122.89166 47.03956),PUGET SOUND ENERGY INC,53067010300
5YJXCAE25L,Snohomish,Marysville,WA,98270,2020,,MODEL X,Battery Electric Vehicle (BEV),Clean Alternative Fuel Vehicle Eligible,293,0,38,3405531,POINT (-122.1769 48.06114),PUGET SOUND ENERGY INC,53061052905
KNDJX3AE8G,Yakima,Yakima,WA,98908,2016,,,Battery Electric Vehicle (BEV),Clean Alternative Fuel Vehicle Eligible,93,31950,14,169289970,POINT (-120.60272 46.59656),PACIFICORP,53077000402
KNDCR3L13R,Kitsap,Port Orchard,WA,98366,2024,,NIRO,Battery Electric Vehicle (BEV),Eligibility unknown as battery range has not been researched,0,0,26,272207533,POINT (-122.63847 47.54103),PUGET SOUND ENERGY INC,53035092300
1C4RJXP63R,Thurston,Olympia,WA,98501,2024,JEEP,,Plug-in Hybrid Electric Vehicle (PHEV),Not eligible due to low battery range,21,0,22,263014804,POINT (-122.89166 47.03956),PUGET SOUND ENERGY INC,53067010400
5YJ3E1EB4J,King,Duvall,WA,98019,2018,,MODEL 3,Battery Electric Vehicle (BEV),Clean Alternative Fuel Vehicle Eligible,215,0,45,474456237,POINT (-121.98609 47.74068),PUGET SOUND ENERGY INC||CITY OF TACOMA - (WA),53033032402
1N4BZ1CP6K,Kitsap,Bremerton,WA,98310,2019,,LEAF,Battery Electric Vehicle (BEV),Clean Alternative Fuel Vehicle Eligible,150,0,23,344436088,POINT (-122.61136 47.5752),PUGET SOUND ENERGY INC,53035080300
1G1RC6E43F,Thurston,Olympia,WA,98501,2015,CHEVROLET,VOLT,Plug-in Hybrid Electric Vehicle (PHEV),Clean Alternative Fuel Vehicle Eligible,38,0,22,270808730,POINT (-122.89166 47.03956),PUGET SOUND ENERGY INC,53067010802
WAUSPBFF7J,King,Burien,WA,98166,2018,AUDI,A3,Plug-in Hybrid Electric Vehicle (PHEV),Not eligible due to low battery range,16,0,34,349172330,POINT (-122.34102 47.46593),PUGET SOUND ENERGY INC||CITY OF TACOMA - (WA),53033027901
ZACPDFCW7R,Thurston,Olympia,WA,98512,2024,,HORNET,Plug-in Hybrid Electric Vehicle (PHEV),Clean Alternative Fuel Vehicle Eligible,32,0,35,262513982,POINT (-122.9131 47.01359),PUGET SOUND ENERGY INC,53067011821
7PDSGABL8P,Snohomish,Bothell,WA,98021,2023,,R1S,Battery Electric Vehicle (BEV),Eligibility unknown as battery range has not been researched,0,0,1,260847485,POINT (-122.18384 47.8031),PUGET SOUND ENERGY INC,53061051932
5YJXCAE29L,King,Sammamish,WA,98074,2020,,MODEL X,Battery Electric Vehicle (BEV),Clean Alternative Fuel Vehicle Eligible,293,0,45,2228670,POINT (-122.02054 47.60326),PUGET SOUND ENERGY INC||CITY OF TACOMA - (WA),53033032318
5YJ3E1EB7J,Thurston,Olympia,WA,98501,2018,,MODEL 3,Battery Electric Vehicle (BEV),Clean Alternative Fuel Vehicle Eligible,215,0,35,474707096,POINT (-122.89166 47.03956),PUGET SOUND ENERGY INC,53067011722
5YJYGDEE6L,Snohomish,Bothell,WA,98012,2020,,MODEL Y,Battery Electric Vehicle (BEV),Clean Alternative Fuel Vehicle Eligible,291,0,1,125792187,POINT (-122.21061 47.83448),PUGET SOUND ENERGY INC,53061052009
5YJ3E1EB6J,Island,Oak Harbor,WA,98277,2018,,MODEL 3,Battery Electric Vehicle (BEV),Clean Alternative Fuel Vehicle Eligible,215,0,10,272862600,POINT (-122.64682 48.29077),PUGET SOUND ENERGY INC,53029970601
7SAYGDEE2N,Yakima,Tieton,WA,98947,2022,,MODEL Y,Battery Electric Vehicle (BEV),Eligibility unknown as battery range has not been researched,0,0,14,273804128,POINT (-120.75541 46.70257),PACIFICORP,53077002900
1N4AZ0CP4F,Thurston,Olympia,WA,98506,2015,,LEAF,Battery Electric Vehicle (BEV),Clean Alternative Fuel Vehicle Eligible,84,0,22,157428841,POINT (-122.87741 47.05997),PUGET SOUND ENERGY INC,53067010200
5YJXCDE20L,Thurston,Olympia,WA,98513,2020,,MODEL X,Battery Electric Vehicle (BEV),Clean Alternative Fuel Vehicle Eligible,289,0,2,127502455,POINT (-122.81754 46.98876),PUGET SOUND ENERGY INC,53067012331
5YJ3E1EB8J,Snohomish,Lynnwood,WA,98036,2018,,MODEL 3,Battery Electric Vehicle (BEV),Clean Alternative Fuel Vehicle Eligible,215,0,32,132876131,POINT (-122.29245 47.82557),PUGET SOUND ENERGY INC,53061051930
1N4AZ0CP5F,Kitsap,Bremerton,WA,98310,2015,,LEAF,Battery Electric Vehicle (BEV),Clean Alternative Fuel Vehicle Eligible,84,0,23,231472664,POINT (-122.61136 47.5752),PUGET SOUND ENERGY INC,53035080300
1N4AZ1BV5P,Thurston,Olympia,WA,98502,2023,,LEAF,Battery Electric Vehicle (BEV),Eligibility unknown as battery range has not been researched,0,0,22,253911717,POINT (-122.92333 47.03779),PUGET SOUND ENERGY INC,53067012001
JTDACACU0R,Snohomish,Bothell,WA,98012,2024,,PRIUS PRIME,Plug-in Hybrid Electric Vehicle (PHEV),Clean Alternative Fuel Vehicle Eligible,39,0,1,261008331,POINT (-122.21061 47.83448),PUGET SOUND ENERGY INC,53061052107
JTMABACA4R,Yakima,Yakima,WA,98903,2024,,BZ4X,Battery Electric Vehicle (BEV),Eligibility unknown as battery range has not been researched,0,0,14,273623304,POINT (-120.4778 46.55351),PACIFICORP,53077002803
KNDC4DLC4P,Kitsap,Suquamish,WA,98392,2023,,EV6,Battery Electric Vehicle (BEV),Eligibility unknown as battery range has not been researched,0,0,23,244697281,POINT (-122.55242 47.73162),PUGET SOUND ENERGY INC,53035940100
7SAYGDEE1P,Snohomish,Bothell,WA,98012,2023,TESLA,MODEL Y,Battery Electric Vehicle (BEV),Eligibility unknown as battery range has not been researched,0,0,1,256212624,POINT (-122.21061 47.83448),PUGET SOUND ENERGY INC,53061052107
5YJYGDEE8L,Thurston,Tumwater,WA,98501,2020,,MODEL Y,Battery Electric Vehicle (BEV),Clean Alternative Fuel Vehicle Eligible,291,0,35,124633715,POINT (-122.89166 47.03956),PUGET SOUND ENERGY INC,53067011720
1N4BZ1CP8K,Kitsap,Kingston,WA,98346,2019,,LEAF,Battery Electric Vehicle (BEV),Clean Alternative Fuel Vehicle Eligible,150,0,23,332332080,POINT (-122.4977 47.79802),PUGET SOUND ENERGY INC,53035090102
KNDRJDJH8S,Thurston,Tumwater,WA,98501,2025,,SORENTO,Plug-in Hybrid Electric Vehicle (PHEV),Clean Alternative Fuel Vehicle Eligible,30,0,22,273909751,POINT (-122.89166 47.03956),PUGET SOUND ENERGY INC,53067010802
WVWPR7AU9K,Snohomish,Edmonds,WA,98020,2019,VOLKSWAGEN,E-GOLF,Battery Electric Vehicle (BEV),Clean Alternative Fuel Vehicle Eligible,125,0,32,476465734,POINT (-122.37689 47.81116),PUGET SOUND ENERGY INC,53061050502
5YJSA1E26G,Kitsap,Bainbridge Island,WA,98110,2016,,MODEL S,Battery Electric Vehicle (BEV),Clean Alternative Fuel Vehicle Eligible,210,0,23,140978687,POINT (-122.521 47.62728),PUGET SOUND ENERGY INC,53035090901
5YJSA1E16G,Kitsap,Port Orchard,WA,98367,2016,,MODEL S,Battery Electric Vehicle (BEV),Clean Alternative Fuel Vehicle Eligible,210,0,26,218251925,POINT (-122.68516 47.50645),PUGET SOUND ENERGY INC,53035092902
1N4CZ1CV9S,Yakima,Yakima,WA,98908,2025,,LEAF,Battery Electric Vehicle (BEV),Eligibility unknown as battery range has not been researched,0,0,14,272893890,POINT (-120.60272 46.59656),PACIFICORP,53077000401
KNDCS3LF5R,Kitsap,Bremerton,WA,98312,2024,,NIRO,Plug-in Hybrid Electric Vehicle (PHEV),Clean Alternative Fuel Vehicle Eligible,33,0,35,269276913,POINT (-122.6563 47.56739),PUGET SOUND ENERGY INC,53035080900
5YJXCBE21J,Snohomish,Bothell,WA,98012,2018,,MODEL X,Battery Electric Vehicle (BEV),Clean Alternative Fuel Vehicle Eligible,238,0,21,110216655,POINT (-122.21061 47.83448),PUGET SOUND ENERGY INC,53061051922
WBY1Z2C59F,King,Seattle,WA,98107,2015,,I3,Battery Electric Vehicle (BEV),Clean Alternative Fuel Vehicle Eligible,81,0,43,180600458,POINT (-122.38591 47.67597),CITY OF SEATTLE - (WA)|CITY OF TACOMA - (WA),53033003400
5UXKT0C53G,Thurston,Lacey,WA,98513,2016,,X5,Plug-in Hybrid Electric Vehicle (PHEV),Not eligible due to low battery range,14,0,22,107864305,POINT (-122.81754 46.98876),PUGET SOUND ENERGY INC,53067011622
5YJ3E1EA9J,King,Auburn,WA,98092,2018,,MODEL 3,Battery Electric Vehicle (BEV),Clean Alternative Fuel Vehicle Eligible,215,0,31,257656696,POINT (-122.1821 47.3199),PUGET SOUND ENERGY INC||CITY OF TACOMA - (WA),53033031202
1FMCU0E13R,Kitsap,Bremerton,WA,98311,2024,FORD,ESCAPE,Plug-in Hybrid Electric Vehicle (PHEV),Clean Alternative Fuel Vehicle Eligible,37,0,23,269820771,POINT (-122.60915 47.62631),PUGET SOUND ENERGY INC,53035091900
1C4JJXR61P,Thurston,Lacey,WA,98503,2023,,WRANGLER,Plug-in Hybrid Electric Vehicle (PHEV),Not eligible due to low battery range,21,0,22,261760299,POINT (-122.82324 47.04437),PUGET SOUND ENERGY INC,53067011421
JHMZC5F32J,Snohomish,Bothell,WA,98012,2018,,CLARITY,Plug-in Hybrid Electric Vehicle (PHEV),Clean Alternative Fuel Vehicle Eligible,47,0,21,161019274,POINT (-122.21061 47.83448),PUGET SOUND ENERGY INC,53061051927
1N4AZ1BP3L,Kitsap,Poulsbo,WA,98370,2020,,LEAF,Battery Electric Vehicle (BEV),Clean Alternative Fuel Vehicle Eligible,149,0,23,122291851,POINT (-122.64681 47.73689),PUGET SOUND ENERGY INC,53035090502
5YJ3E1EB6K,Thurston,Lacey,WA,98503,2019,TESLA,MODEL 3,Battery Electric Vehicle (BEV),Clean Alternative Fuel Vehicle Eligible,220,0,22,170379709,POINT (-122.82324 47.04437),PUGET SOUND ENERGY INC,53067011625
5YJYGDEE0M,Thurston,Lacey,WA,98503,2021,,MODEL Y,Battery Electric Vehicle (BEV),Eligibility unknown as battery range has not been researched,0,0,22,182875514,POINT (-122.82324 47.04437),PUGET SOUND ENERGY INC,53067011422
5YJ3E1ET2R,Thurston,Olympia,WA,98512,2024,,MODEL 3,Battery Electric Vehicle (BEV),Eligibility unknown as battery range has not been researched,0,0,35,271668505,POINT (-122.9131 47.01359),PUGET SOUND ENERGY INC,53067011810
1N4AZ1CP3J,Snohomish,Bothell,WA,98021,2018,,LEAF,Battery Electric Vehicle (BEV),Clean Alternative Fuel Vehicle Eligible,151,0,1,280293891,POINT (-122.18384 47.8031),PUGET SOUND ENERGY INC,53061051926
5YJ3E1EA5L,Yakima,Yakima,WA,98902,2020,TESLA,MODEL 3,Battery Electric Vehicle (BEV),Clean Alternative Fuel Vehicle Eligible,266,0,14,102765120,POINT (-120.52401 46.59739),PACIFICORP,53077000301
WAUTPBFF9J,Kitsap,Port Orchard,WA,98366,2018,,A3,Plug-in Hybrid Electric Vehicle (PHEV),Not eligible due to low battery range,16,0,26,475641512,POINT (-122.63847 47.54103),PUGET SOUND ENERGY INC,53035092600
WBA8E1C32H,Thurston,Tumwater,WA,98512,2017,BMW,330E,Plug-in Hybrid Electric Vehicle (PHEV),Not eligible due to low battery range,14,44100,22,237967635,POINT (-122.9131 47.01359),PUGET SOUND ENERGY INC,53067010910
5YJ3E1EA6K,Thurston,Olympia,WA,98506,2019,,MODEL 3,Battery Electric Vehicle (BEV),Clean Alternative Fuel Vehicle Eligible,220,0,22,303247339,POINT (-122.87741 47.05997),PUGET SOUND ENERGY INC,53067010300
JTMAB3FV2R,Yakima,Tieton,WA,98947,2024,,RAV4 PRIME,Plug-in Hybrid Electric Vehicle (PHEV),Clean Alternative Fuel Vehicle Eligible,42,0,14,274022472,POINT (-120.75541 46.70257),PACIFICORP,53077002900
1C4JJXR6XN,Yakima,Yakima,WA,98902,2022,,WRANGLER,Plug-in Hybrid Electric Vehicle (PHEV),Not eligible due to low battery range,22,0,15,203574969,POINT (-120.52401 46.59739),PACIFICORP,53077001100
1FTVW1EV2P,Thurston,Lacey,WA,98516,2023,FORD,F-150,Battery Electric Vehicle (BEV),Eligibility unknown as battery range has not been researched,0,0,22,244844295,POINT (-122.75103 47.08149),PUGET SOUND ENERGY INC,53067012221
5YJXCDE24L,Snohomish,Everett,WA,98208,2020,,MODEL X,Battery Electric Vehicle (BEV),Clean Alternative Fuel Vehicle Eligible,289,0,21,128631331,POINT (-122.18637 47.89251),PUGET SOUND ENERGY INC,53061041606
5YJ3E1EA9L,King,Duvall,WA,98019,2020,,MODEL 3,Battery Electric Vehicle (BEV),Clean Alternative Fuel Vehicle Eligible,266,0,5,110002784,POINT (-121.98609 47.74068),PUGET SOUND ENERGY INC||CITY OF TACOMA - (WA),53033032401
5YJ3E1EA9J,Thurston,Olympia,WA,98513,2018,TESLA,MODEL 3,Battery Electric Vehicle (BEV),Clean Alternative Fuel Vehicle Eligible,215,0,2,241589512,POINT (-122.81754 46.98876),PUGET SOUND ENERGY INC,53067012320
1N4AZ0CP0F,King,Seattle,,98126,2015,NISSAN,LEAF,Battery Electric Vehicle (BEV),Clean Alternative Fuel Vehicle Eligible,84,0,34,107794844,POINT (-122.36893 47.54701),CITY OF SEATTLE - (WA)|CITY OF TACOMA - (WA),53033011500
5YJXCBE41J,Yakima,Yakima,WA,98903,2018,,MODEL X,Battery Electric Vehicle (BEV),Clean Alternative Fuel Vehicle Eligible,238,0,14,209125255,POINT (-120.4778 46.55351),PACIFICORP,53077002803
WA11AAGE6P,Thurston,Lacey,,98516,2023,,E-TRON,Battery Electric Vehicle (BEV),Eligibility unknown as battery range has not been researched,0,0,22,220334880,POINT (-122.75103 47.08149),PUGET SOUND ENERGY INC,53067012226
1G1FW6S06H,Yakima,Yakima,,98901,2017,,BOLT EV,Battery Electric Vehicle (BEV),Clean Alternative Fuel Vehicle Eligible,238,0,15,123973972,POINT (-120.50729 46.60464),PACIFICORP,53077001601
WBY33AW05R,Yakima,Yakima,,98902,2024,,I4,Battery Electric Vehicle (BEV),Eligibility unknown as battery range has not been researched,0,0,14,262752017,POINT (-120.52401 46.59739),PACIFICORP,53077000800
5YJXCAE2XJ,Snohomish,Bothell,WA,98021,2018,,MODEL X,Battery Electric Vehicle (BEV),Clean Alternative Fuel Vehicle Eligible,238,0,1,474826075,POINT (-122.18384 47.8031),PUGET SOUND ENERGY INC,53061051914
3FA6P0SU3F,Kitsap,Kingston,,98346,2015,,FUSION,Plug-in Hybrid Electric Vehicle (PHEV),Not eligible due to low battery range,19,0,23,254339487,POINT (-122.4977 47.79802),PUGET SOUND ENERGY INC,53035090102
1FADP5CU2G,Thurston,Olympia,,98501,2016,FORD,C-MAX,Plug-in Hybrid Electric Vehicle (PHEV),Not eligible due to low battery range,19,0,22,169333202,POINT (-122.89166 47.03956),PUGET SOUND ENERGY INC,53067010700
WB523CF03R,Snohomish,Brier,,98036,2024,BMW,IX,Battery Electric Vehicle (BEV),Eligibility unknown as battery range has not been researched,0,0,1,257650970,POINT (-122.29245 47.82557),PUGET SOUND ENERGY INC,53061051913
JN1AZ0CP7C,Thurston,Olympia,,98506,2012,,LEAF,Battery Electric Vehicle (BEV),Clean Alternative Fuel Vehicle Eligible,73,0,22,102816654,POINT (-122.87741 47.05997),PUGET SOUND ENERGY INC,53067012223
JTMAB3FV4R,Thurston,Olympia,,98501,2024,TOYOTA,RAV4 PRIME,Plug-in Hybrid Electric Vehicle (PHEV),Clean Alternative Fuel Vehicle Eligible,42,0,22,257646371,POINT (-122.89166 47.03956),PUGET SOUND ENERGY INC,53067010700
1G1FY6S07L,Yakima,Yakima,,98908,2020,CHEVROLET,BOLT EV,Battery Electric Vehicle (BEV),Clean Alternative Fuel Vehicle Eligible,259,0,14,109652714,POINT (-120.60272 46.59656),PACIFICORP,53077000401
1G1FW6S04H,Thurston,Olympia,,98513,2017,,BOLT EV,Battery Electric Vehicle (BEV),Clean Alternative Fuel Vehicle Eligible,238,0,2,229980166,POINT (-122.81754 46.98876),PUGET SOUND ENERGY INC,53067011624
5YJ3E1EA2K,Kitsap,Silverdale,,98383,2019,,MODEL 3,Battery Electric Vehicle (BEV),Clean Alternative Fuel Vehicle Eligible,220,0,23,105026694,POINT (-122.69275 47.65171),PUGET SOUND ENERGY INC,53035091302
7SAYGDEF5P,Thurston,Olympia,,98513,2023,,MODEL Y,Battery Electric Vehicle (BEV),Eligibility unknown as battery range has not been researched,0,0,2,256192716,POINT (-122.81754 46.98876),PUGET SOUND ENERGY INC,53067012332
WA1F2AFY6R,Snohomish,Lynnwood,WA,98036,2024,,Q5 E,Plug-in Hybrid Electric Vehicle (PHEV),Not eligible due to low battery range,23,0,1,259724412,POINT (-122.29245 47.82557),PUGET SOUND ENERGY INC,53061051913
7SAYGDEE1P,Snohomish,Bothell,,98012,2023,TESLA,MODEL Y,Battery Electric Vehicle (BEV),Eligibility unknown as battery range has not been researched,0,0,1,257700908,POINT (-122.21061 47.83448),PUGET SOUND ENERGY INC,53061051922
5YJ3E1EB0J,King,Seattle,,98102,2018,TESLA,MODEL 3,Battery Electric Vehicle (BEV),Clean Alternative Fuel Vehicle Eligible,215,0,43,475151967,POINT (-122.32427 47.63433),CITY OF SEATTLE - (WA)|CITY OF TACOMA - (WA),53033006100
5UXKT0C52J,King,Seattle,,98115,2018,BMW,X5,Plug-in Hybrid Electric Vehicle (PHEV),Not eligible due to low battery range,13,0,46,441522308,POINT (-122.31676 47.68156),PUGET SOUND ENERGY INC||CITY OF TACOMA - (WA),53033004000
1N4AZ1CP8J,Thurston,Tumwater,WA,98512,2018,NISSAN,LEAF,Battery Electric Vehicle (BEV),Clean Alternative Fuel Vehicle Eligible,151,0,22,275889561,POINT (-122.9131 47.01359),PUGET SOUND ENERGY INC,53067010910
1N4AZ0CP6F,King,Seattle,,98115,2015,NISSAN,LEAF,Battery Electric Vehicle (BEV),Clean Alternative Fuel Vehicle Eligible,84,0,46,190415459,POINT (-122.31676 47.68156),CITY OF SEATTLE - (WA)|CITY OF TACOMA - (WA),53033001900
5YJ3E1EC5L,King,Issaquah,,98029,2020,TESLA,MODEL 3,Battery Electric Vehicle (BEV),Clean Alternative Fuel Vehicle Eligible,308,0,5,8149389,POINT (-122.00292 47.54748),PUGET SOUND ENERGY INC||CITY OF TACOMA - (WA),53033032221
1G1FY6S07K,King,Kent,,98030,2019,CHEVROLET,BOLT EV,Battery Electric Vehicle (BEV),Clean Alternative Fuel Vehicle Eligible,238,0,47,2743037,POINT (-122.19975 47.37483),PUGET SOUND ENERGY INC||CITY OF TACOMA - (WA),53033029604
1G1RB6E46D,Yakima,Yakima,,98902,2013,CHEVROLET,VOLT,Plug-in Hybrid Electric Vehicle (PHEV),Clean Alternative Fuel Vehicle Eligible,38,0,14,143594216,POINT (-120.52401 46.59739),PACIFICORP,53077000800
WBY7Z8C5XJ,Kitsap,Kingston,,98346,2018,BMW,I3,Plug-in Hybrid Electric Vehicle (PHEV),Clean Alternative Fuel Vehicle Eligible,97,0,23,276153769,POINT (-122.4977 47.79802),PUGET SOUND ENERGY INC,53035090102
1G1RD6E40E,Yakima,Yakima,,98902,2014,CHEVROLET,VOLT,Plug-in Hybrid Electric Vehicle (PHEV),Clean Alternative Fuel Vehicle Eligible,38,0,14,237588347,POINT (-120.52401 46.59739),PACIFICORP,53077001000
1G1RC6S54G,Thurston,Olympia,,98501,2016,CHEVROLET,VOLT,Plug-in Hybrid Electric Vehicle (PHEV),Clean Alternative Fuel Vehicle Eligible,53,0,22,211891319,POINT (-122.89166 47.03956),PUGET SOUND ENERGY INC,53067010400
5YJ3E1EA4L,Kitsap,Port Orchard,,98367,2020,TESLA,MODEL 3,Battery Electric Vehicle (BEV),Clean Alternative Fuel Vehicle Eligible,266,0,26,1860498,POINT (-122.68516 47.50645),PUGET SOUND ENERGY INC,53035092802
1N4BZ1CP3K,King,Seattle,,98112,2019,NISSAN,LEAF,Battery Electric Vehicle (BEV),Clean Alternative Fuel Vehicle Eligible,150,0,43,320354576,POINT (-122.30207 47.64085),CITY OF SEATTLE - (WA)|CITY OF TACOMA - (WA),53033006300
7SAYGDEE4P,Thurston,Olympia,,98501,2023,TESLA,MODEL Y,Battery Electric Vehicle (BEV),Eligibility unknown as battery range has not been researched,0,0,22,244433787,POINT (-122.89166 47.03956),PUGET SOUND ENERGY INC,53067010802
KNDJX3AE2H,Skagit,Mount Vernon,,98274,2017,KIA,SOUL EV,Battery Electric Vehicle (BEV),Clean Alternative Fuel Vehicle Eligible,93,32250,10,256040396,POINT (-122.32295 48.4152),PUGET SOUND ENERGY INC,53057952401
1C4RJXU6XR,Snohomish,Everett,,98204,2024,JEEP,WRANGLER,Plug-in Hybrid Electric Vehicle (PHEV),Not eligible due to low battery range,21,0,21,255994532,POINT (-122.27557 47.88936),PUGET SOUND ENERGY INC,53061041813
1N4AZ0CP4D,Snohomish,Everett,WA,98208,2013,NISSAN,LEAF,Battery Electric Vehicle (BEV),Clean Alternative Fuel Vehicle Eligible,75,0,44,327948176,POINT (-122.18637 47.89251),PUGET SOUND ENERGY INC,53061052114
5YJSA1E26G,Thurston,Olympia,,98502,2016,TESLA,MODEL S,Battery Electric Vehicle (BEV),Clean Alternative Fuel Vehicle Eligible,210,0,22,249879934,POINT (-122.92333 47.03779),PUGET SOUND ENERGY INC,53067012001
5YJ3E1EB5J,Island,Langley,WA,98260,2018,TESLA,MODEL 3,Battery Electric Vehicle (BEV),Clean Alternative Fuel Vehicle Eligible,215,0,10,124375758,POINT (-122.40618 48.0399),PUGET SOUND ENERGY INC,53029972000
5YJ3E1EA4J,King,Kent,,98031,2018,TESLA,MODEL 3,Battery Electric Vehicle (BEV),Clean Alternative Fuel Vehicle Eligible,215,0,47,158177638,POINT (-122.17743 47.41185),PUGET SOUND ENERGY INC||CITY OF TACOMA - (WA),53033029504
5YJ3E1EC8L,Snohomish,Monroe,,98272,2020,TESLA,MODEL 3,Battery Electric Vehicle (BEV),Clean Alternative Fuel Vehicle Eligible,308,0,39,228248450,POINT (-121.98087 47.8526),PUGET SOUND ENERGY INC,53061052203
1G1FZ6S00L,Snohomish,Mukilteo,,98275,2020,CHEVROLET,BOLT EV,Battery Electric Vehicle (BEV),Clean Alternative Fuel Vehicle Eligible,259,0,21,258959130,POINT (-122.29196 47.89908),PUGET SOUND ENERGY INC,53061042005
JN1AZ0CP7C,Snohomish,Brier,,98036,2012,NISSAN,LEAF,Battery Electric Vehicle (BEV),Clean Alternative Fuel Vehicle Eligible,73,0,1,181383506,POINT (-122.29245 47.82557),PUGET SOUND ENERGY INC,53061051913
WP0AC2Y18L,King,Renton,WA,98056,2020,PORSCHE,TAYCAN,Battery Electric Vehicle (BEV),Clean Alternative Fuel Vehicle Eligible,192,0,41,263258936,POINT (-122.1805 47.50006),PUGET SOUND ENERGY INC||CITY OF TACOMA - (WA),53033024703
KNDC3DLC6N,Yakima,Yakima,,98902,2022,KIA,EV6,Battery Electric Vehicle (BEV),Eligibility unknown as battery range has not been researched,0,0,14,220047684,POINT (-120.52401 46.59739),PACIFICORP,53077000500
1C4RJXN60R,Spokane,Cheney,,99004,2024,JEEP,WRANGLER,Plug-in Hybrid Electric Vehicle (PHEV),Not eligible due to low battery range,21,0,6,272111962,POINT (-117.57445 47.48928),CITY OF CHENEY - (WA),53063014002
5YJ3E1EB2K,Grant,Royal City,,99357,2019,TESLA,MODEL 3,Battery Electric Vehicle (BEV),Clean Alternative Fuel Vehicle Eligible,220,0,13,183391960,POINT (-119.63136 46.90248),PUD NO 2 OF GRANT COUNTY,53025011405
5YJ3E1EB0K,Kitsap,Bainbridge Island,,98110,2019,TESLA,MODEL 3,Battery Electric Vehicle (BEV),Clean Alternative Fuel Vehicle Eligible,220,0,23,478792107,POINT (-122.521 47.62728),PUGET SOUND ENERGY INC,53035091002
5YJ3E1EA9L,King,Seatac,,98188,2020,TESLA,MODEL 3,Battery Electric Vehicle (BEV),Clean Alternative Fuel Vehicle Eligible,266,0,33,238042913,POINT (-122.29179 47.43473),PUGET SOUND ENERGY INC||CITY OF TACOMA - (WA),53033028403
1C4RJYB63P,Kitsap,Kingston,,98346,2023,JEEP,GRAND CHEROKEE,Plug-in Hybrid Electric Vehicle (PHEV),Not eligible due to low battery range,25,0,23,252285106,POINT (-122.4977 47.79802),PUGET SOUND ENERGY INC,53035090102
5YJ3E1EB7J,Snohomish,Everett,WA,98208,2018,TESLA,MODEL 3,Battery Electric Vehicle (BEV),Clean Alternative Fuel Vehicle Eligible,215,0,44,475933517,POINT (-122.18637 47.89251),PUGET SOUND ENERGY INC,53061041609
7PDSGBBA0P,Snohomish,Snohomish,,98296,2023,RIVIAN,R1S,Battery Electric Vehicle (BEV),Eligibility unknown as battery range has not been researched,0,0,1,257528862,POINT (-122.1389 47.87115),PUGET SOUND ENERGY INC,53061052113
5YJ3E1EB9L,Chelan,Wenatchee,,98801,2020,TESLA,MODEL 3,Battery Electric Vehicle (BEV),Clean Alternative Fuel Vehicle Eligible,322,0,12,195104465,POINT (-120.30522 47.41494),PUD NO 1 OF CHELAN COUNTY,53007960801
WA1E2AFY1R,Kitsap,Poulsbo,WA,98370,2024,AUDI,Q5 E,Plug-in Hybrid Electric Vehicle (PHEV),Not eligible due to low battery range,23,0,23,276297402,POINT (-122.64681 47.73689),PUGET SOUND ENERGY INC,53035940100
KM8K53AG5L,Yakima,Yakima,,98902,2020,HYUNDAI,KONA,Battery Electric Vehicle (BEV),Clean Alternative Fuel Vehicle Eligible,258,0,14,144132026,POINT (-120.52401 46.59739),PACIFICORP,53077001100
5YJ3E1EB6J,King,Seattle,,98126,2018,TESLA,MODEL 3,Battery Electric Vehicle (BEV),Clean Alternative Fuel Vehicle Eligible,215,0,34,196586694,POINT (-122.36893 47.54701),CITY OF SEATTLE - (WA)|CITY OF TACOMA - (WA),53033009900
5YJSA1E28H,King,Snoqualmie,,98065,2017,TESLA,MODEL S,Battery Electric Vehicle (BEV),Clean Alternative Fuel Vehicle Eligible,210,0,5,208983841,POINT (-121.82432 47.52716),CITY OF TACOMA - (WA)||TANNER ELECTRIC COOP,53033032604
JTDKARFP6L,Kitsap,Bremerton,,98312,2020,TOYOTA,PRIUS PRIME,Plug-in Hybrid Electric Vehicle (PHEV),Not eligible due to low battery range,25,0,35,3448378,POINT (-122.6563 47.56739),PUGET SOUND ENERGY INC,53035080700
3FA6P0PU8H,Thurston,Olympia,,98513,2017,FORD,FUSION,Plug-in Hybrid Electric Vehicle (PHEV),Not eligible due to low battery range,21,0,2,116607347,POINT (-122.81754 46.98876),PUGET SOUND ENERGY INC,53067012332
1G1FY6S02P,Whitman,Pullman,,99163,2023,CHEVROLET,BOLT EUV,Battery Electric Vehicle (BEV),Eligibility unknown as battery range has not been researched,0,0,9,260755729,POINT (-117.18147 46.73015),AVISTA CORP,53075000300
5YJ3E1EB1K,Kitsap,Bainbridge Island,,98110,2019,TESLA,MODEL 3,Battery Electric Vehicle (BEV),Clean Alternative Fuel Vehicle Eligible,220,0,23,325202573,POINT (-122.521 47.62728),PUGET SOUND ENERGY INC,53035090902
5YJ3E1EA7K,Kitsap,Bremerton,,98312,2019,TESLA,MODEL 3,Battery Electric Vehicle (BEV),Clean Alternative Fuel Vehicle Eligible,220,0,35,122354998,POINT (-122.6563 47.56739),PUGET SOUND ENERGY INC,53035091301
5YJ3E1EA3J,Snohomish,Everett,,98204,2018,TESLA,MODEL 3,Battery Electric Vehicle (BEV),Clean Alternative Fuel Vehicle Eligible,215,0,21,272577609,POINT (-122.27557 47.88936),PUGET SOUND ENERGY INC,53061041805
WBAJB1C51J,Snohomish,Everett,,98208,2018,BMW,530E,Plug-in Hybrid Electric Vehicle (PHEV),Not eligible due to low battery range,14,54950,44,220395360,POINT (-122.18637 47.89251),PUGET SOUND ENERGY INC,53061041601
KNDCC3LD4K,King,Seattle,,98117,2019,KIA,NIRO,Plug-in Hybrid Electric Vehicle (PHEV),Not eligible due to low battery range,26,0,36,324012993,POINT (-122.38418 47.70044),CITY OF SEATTLE - (WA)|CITY OF TACOMA - (WA),53033001702
5YJYGDEF4L,King,Seattle,,98117,2020,TESLA,MODEL Y,,Clean Alternative Fuel Vehicle Eligible,291,0,36,230172001,POINT (-122.38418 47.70044),CITY OF SEATTLE - (WA)|CITY OF TACOMA - (WA),53033003100
5YJSA1E23H,King,Redmond,,98053,2017,TESLA,MODEL S,,Clean Alternative Fuel Vehicle Eligible,210,0,45,349027073,POINT (-122.03287 47.68555),PUGET SOUND ENERGY INC||CITY OF TACOMA - (WA),53033032333
5YJ3E1EB4J,Skagit,La Conner,,98257,2018,TESLA,MODEL 3,,Clean Alternative Fuel Vehicle Eligible,215,0,10,219341041,POINT (-122.49724 48.38874),PUGET SOUND ENERGY INC,53057940801
1N4AZ0CP3D,King,Seattle,,98125,2013,NISSAN,LEAF,,Clean Alternative Fuel Vehicle Eligible,75,0,46,275784771,POINT (-122.30253 47.72656),CITY OF SEATTLE - (WA)|CITY OF TACOMA - (WA),53033000201
5YJSA1E26J,Thurston,Lacey,,98516,2018,TESLA,MODEL S,,Clean Alternative Fuel Vehicle Eligible,249,0,22,475434872,POINT (-122.75103 47.08149),PUGET SOUND ENERGY INC,53067012226
5YJ3E1EB7K,King,Seattle,,98115,2019,TESLA,MODEL 3,,Clean Alternative Fuel Vehicle Eligible,220,0,46,272139801,POINT (-122.31676 47.68156),CITY OF SEATTLE - (WA)|CITY OF TACOMA - (WA),53033002500
1G1RC6E40F,Kitsap,Port Orchard,,98366,2015,CHEVROLET,VOLT,,Clean Alternative Fuel Vehicle Eligible,38,0,26,111492391,POINT (-122.63847 47.54103),PUGET SOUND ENERGY INC,53035092704
1N4AZ0CP8F,Snohomish,Marysville,,98270,2015,NISSAN,LEAF,,Clean Alternative Fuel Vehicle Eligible,84,0,39,475471818,POINT (-122.1769 48.06114),PUGET SOUND ENERGY INC,53061052709
LPSED3KA8M,King,Seattle,WA,98103,2021,POLESTAR,PS2,,Clean Alternative Fuel Vehicle Eligible,233,0,46,176206866,POINT (-122.35436 47.67596),CITY OF SEATTLE - (WA)|CITY OF TACOMA - (WA),53033001800
5YJ3E1EA8M,Snohomish,Bothell,,98021,2021,TESLA,MODEL 3,,Eligibility unknown as battery range has not been researched,0,0,1,272360014,POINT (-122.18384 47.8031),PUGET SOUND ENERGY INC,53061051916
7FCTGCAP2S,Snohomish,Edmonds,,98026,2025,RIVIAN,R1T,,Eligibility unknown as battery range has not been researched,0,0,21,276239330,POINT (-122.31768 47.87166),PUGET SOUND ENERGY INC,53061050300
5YJSA1E24J,King,Redmond,,98052,2018,TESLA,MODEL S,,Clean Alternative Fuel Vehicle Eligible,249,0,45,117973411,POINT (-122.13158 47.67858),PUGET SOUND ENERGY INC||CITY OF TACOMA - (WA),53033032323
3FMTK4SE4M,Yakima,Yakima,,98903,2021,FORD,MUSTANG MACH-E,,Eligibility unknown as battery range has not been researched,0,0,14,192346066,POINT (-120.4778 46.55351),PACIFICORP,53077002803
7FCTGBAA8S,Whitman,Pullman,,99163,2025,RIVIAN,R1T,,Eligibility unknown as battery range has not been researched,0,0,9,274909771,POINT (-117.18147 46.73015),AVISTA CORP,53075000300
5YJYGDEE1L,Snohomish,Arlington,WA,98223,2020,TESLA,MODEL Y,Battery Electric Vehicle (BEV),Clean Alternative Fuel Vehicle Eligible,291,0,39,126044187,POINT (-122.1264 48.19471),PUGET SOUND ENERGY INC,53061052701
YV4H60DM0R,Thurston,Olympia,WA,98512,2024,VOLVO,XC60,,Clean Alternative Fuel Vehicle Eligible,35,0,35,260649693,POINT (-122.9131 47.01359),PUGET SOUND ENERGY INC,53067011810
WBY1Z6C53H,Thurston,Olympia,,98513,2017,BMW,I3,,Clean Alternative Fuel Vehicle Eligible,81,0,2,215761885,POINT (-122.81754 46.98876),PUGET SOUND ENERGY INC,53067012332
5YJ3E1EB1J,Skagit,Burlington,,98233,2018,TESLA,MODEL 3,,Clean Alternative Fuel Vehicle Eligible,215,0,10,265147263,POINT (-122.33029 48.46846),PUGET SOUND ENERGY INC,53057951900
3FA6P0PU3G,Island,Oak Harbor,,98277,2016,FORD,FUSION,Plug-in Hybrid Electric Vehicle (PHEV),Not eligible due to low battery range,19,0,10,175448745,POINT (-122.64682 48.29077),PUGET SOUND ENERGY INC,53029970602
5YJ3E1EAXL,Skagit,Sedro-Woolley,,98284,2020,TESLA,MODEL 3,,Clean Alternative Fuel Vehicle Eligible,266,0,39,2042918,POINT (-122.23857 48.50858),PUGET SOUND ENERGY INC,53057951400
JN1AZ0CP6C,Snohomish,Mill Creek,,98012,2012,NISSAN,LEAF,,Clean Alternative Fuel Vehicle Eligible,73,0,44,192025704,POINT (-122.21061 47.83448),PUGET SOUND ENERGY INC,53061052008
7PDSGABA5P,Snohomish,Woodway,,98020,2023,RIVIAN,R1S,,Eligibility unknown as battery range has not been researched,0,0,32,235292851,POINT (-122.37689 47.81116),PUGET SOUND ENERGY INC,53061050600
5YJ3E1EB8J,Skagit,Bow,,98232,2018,TESLA,MODEL 3,,Clean Alternative Fuel Vehicle Eligible,215,0,40,342689273,POINT (-122.397 48.56045),PUGET SOUND ENERGY INC,53057950801
1N4AZ1CP4J,Kitsap,Port Orchard,,98367,2018,NISSAN,LEAF,,Clean Alternative Fuel Vehicle Eligible,151,0,26,178997850,POINT (-122.68516 47.50645),PUGET SOUND ENERGY INC,53035092102
5YJ3E1EB5L,Snohomish,Sultan,WA,98294,2020,TESLA,MODEL 3,,Clean Alternative Fuel Vehicle Eligible,322,0,39,268258826,POINT (-121.81688 47.8623),PUGET SOUND ENERGY INC,53061053802
ZACPDFCW8R,Kitsap,Bremerton,,98312,2024,DODGE,HORNET,,Clean Alternative Fuel Vehicle Eligible,32,0,35,270168363,POINT (-122.6563 47.56739),PUGET SOUND ENERGY INC,53035080700
YV4ER3XL3R,Kitsap,Kingston,WA,98346,2024,VOLVO,XC40,,Eligibility unknown as battery range has not been researched,0,0,23,267053321,POINT (-122.4977 47.79802),PUGET SOUND ENERGY INC,53035940000
5YJYGDEE9L,Snohomish,Monroe,WA,98272,2020,TESLA,MODEL Y,,Clean Alternative Fuel Vehicle Eligible,291,0,39,109433908,POINT (-121.98087 47.8526),PUGET SOUND ENERGY INC,53061052206
1N4AZ1CP1J,King,Renton,WA,98056,2018,NISSAN,LEAF,,Clean Alternative Fuel Vehicle Eligible,151,0,11,322471348,POINT (-122.1805 47.50006),PUGET SOUND ENERGY INC||CITY OF TACOMA - (WA),53033025202
JA3215H48G,Snohomish,Mukilteo,WA,98275,2016,MITSUBISHI,I-MIEV,Battery Electric Vehicle (BEV),Clean Alternative Fuel Vehicle Eligible,62,0,21,176029381,POINT (-122.29196 47.89908),PUGET SOUND ENERGY INC,53061042005
1C4JJXN63P,Grant,Moses Lake,WA,98837,2023,JEEP,WRANGLER,Plug-in Hybrid Electric Vehicle (PHEV),Not eligible due to low battery range,21,0,13,244922849,POINT (-119.2771 47.13196),PUD NO 2 OF GRANT COUNTY,53025011102
5YJXCBE21J,Kittitas,Cle Elum,WA,98922,2018,TESLA,MODEL X,,Clean Alternative Fuel Vehicle Eligible,238,0,13,240603562,POINT (-120.93943 47.195),PUGET SOUND ENERGY INC,53037975102
WA1E2AFY3M,Snohomish,Everett,WA,98208,2021,AUDI,Q5 E,,Not eligible due to low battery range,18,0,44,161927440,POINT (-122.18637 47.89251),PUGET SOUND ENERGY INC,53061041605
1G1FW6S07H,Walla Walla,Walla Walla,WA,99362,2017,CHEVROLET,BOLT EV,,Clean Alternative Fuel Vehicle Eligible,238,0,16,196556202,POINT (-118.34261 46.07068),PACIFICORP,53071920702
JTDKARFP9L,Grant,Quincy,WA,98848,2020,TOYOTA,PRIUS PRIME,,Not eligible due to low battery range,25,0,12,261203694,POINT (-119.85338 47.23748),PUD NO 2 OF GRANT COUNTY,53025010500
5YJ3E1EB1J,Snohomish,Everett,WA,98204,2018,TESLA,MODEL 3,,Clean Alternative Fuel Vehicle Eligible,215,0,21,103426158,POINT (-122.27557 47.88936),PUGET SOUND ENERGY INC,53061041812
5UXTA6C00N,Walla Walla,Walla Walla,WA,99362,2022,BMW,X5,,Clean Alternative Fuel Vehicle Eligible,30,0,16,204897983,POINT (-118.34261 46.07068),PACIFICORP,53071920200
KNDRMDLH3N,Snohomish,Lynnwood,WA,98037,2022,KIA,SORENTO,,Clean Alternative Fuel Vehicle Eligible,32,0,21,207302462,POINT (-122.27734 47.83785),PUGET SOUND ENERGY INC,53061051928
1G1FX6S08H,Island,Langley,WA,98260,2017,CHEVROLET,BOLT EV,Battery Electric Vehicle (BEV),Clean Alternative Fuel Vehicle Eligible,238,0,10,258977946,POINT (-122.40618 48.0399),PUGET SOUND ENERGY INC,53029971900
5YJSA1E26G,Kitsap,Poulsbo,WA,98370,2016,TESLA,MODEL S,Battery Electric Vehicle (BEV),Clean Alternative Fuel Vehicle Eligible,210,0,23,175766909,POINT (-122.64681 47.73689),PUGET SOUND ENERGY INC,53035940100
KNDCE3LG4L,Snohomish,Everett,WA,98208,2020,KIA,,,Clean Alternative Fuel Vehicle Eligible,239,0,44,167139570,POINT (-122.18637 47.89251),PUGET SOUND ENERGY INC,53061041605
5UXTS1C06M,King,Kirkland,WA,98034,2021,BMW,,,Not eligible due to low battery range,17,0,45,167046911,POINT (-122.22901 47.72201),PUGET SOUND ENERGY INC||CITY OF TACOMA - (WA),53033021903
5YJ3E1EB3J,Island,Greenbank,WA,98253,2018,TESLA,,Battery Electric Vehicle (BEV),Clean Alternative Fuel Vehicle Eligible,215,0,10,127230512,POINT (-122.56817 48.08827),PUGET SOUND ENERGY INC,53029971302
5YJ3E1EBXJ,Kitsap,Bremerton,WA,98337,2018,TESLA,,,Clean Alternative Fuel Vehicle Eligible,215,0,26,253971161,POINT (-122.62749 47.565),PUGET SOUND ENERGY INC,53035081400
5YJ3E1EB0K,Snohomish,Lynnwood,WA,98037,2019,TESLA,MODEL 3,,Clean Alternative Fuel Vehicle Eligible,220,0,21,193864884,POINT (-122.27734 47.83785),PUGET SOUND ENERGY INC,53061051928
5YJSA1S28F,Skagit,Mount Vernon,WA,98273,2015,TESLA,,,Clean Alternative Fuel Vehicle Eligible,208,0,10,132635814,POINT (-122.33891 48.41644),PUGET SOUND ENERGY INC,53057952100
1C4JJXP64N,Snohomish,Lynnwood,WA,98037,2022,JEEP,,Plug-in Hybrid Electric Vehicle (PHEV),Not eligible due to low battery range,21,0,32,219028162,POINT (-122.27734 47.83785),PUGET SOUND ENERGY INC,53061051802
1N4AZ1CP4K,Snohomish,Bothell,WA,98012,2019,NISSAN,,,Clean Alternative Fuel Vehicle Eligible,150,0,1,319370663,POINT (-122.21061 47.83448),PUGET SOUND ENERGY INC,53061051933
1N4BZ1CP8K,Snohomish,Bothell,WA,98021,2019,NISSAN,,Battery Electric Vehicle (BEV),Clean Alternative Fuel Vehicle Eligible,150,0,1,111723769,POINT (-122.18384 47.8031),PUGET SOUND ENERGY INC,53061051918
1C4RJXN67R,Whitman,Pullman,WA,99163,2024,JEEP,,Plug-in Hybrid Electric Vehicle (PHEV),Not eligible due to low battery range,21,0,9,272764719,POINT (-117.18147 46.73015),AVISTA CORP,53075000201
5YJ3E1EA3J,Yakima,Yakima,WA,98902,2018,TESLA,MODEL 3,Battery Electric Vehicle (BEV),Clean Alternative Fuel Vehicle Eligible,215,0,14,476029207,POINT (-120.52401 46.59739),PACIFICORP,53077000600
5UXTA6C04M,Snohomish,Arlington,WA,98223,2021,BMW,,Plug-in Hybrid Electric Vehicle (PHEV),Clean Alternative Fuel Vehicle Eligible,30,0,39,123205414,POINT (-122.1264 48.19471),PUGET SOUND ENERGY INC,53061053507
WBA8E1C54J,Kitsap,Poulsbo,WA,98370,2018,BMW,,Plug-in Hybrid Electric Vehicle (PHEV),Not eligible due to low battery range,14,45600,23,236614290,POINT (-122.64681 47.73689),PUGET SOUND ENERGY INC,53035090502
1N4BZ1CP1K,Snohomish,Bothell,WA,98012,2019,NISSAN,LEAF,Battery Electric Vehicle (BEV),Clean Alternative Fuel Vehicle Eligible,150,0,44,107577585,POINT (-122.21061 47.83448),PUGET SOUND ENERGY INC,53061052006
JN1AZ0CP1C,Thurston,Yelm,WA,98597,2012,NISSAN,,Battery Electric Vehicle (BEV),Clean Alternative Fuel Vehicle Eligible,73,0,20,242633380,POINT (-122.60735 46.94239),PUGET SOUND ENERGY INC,53067012510
5YJSA1H17F,Stevens,Addy,WA,99101,2015,TESLA,,Battery Electric Vehicle (BEV),Clean Alternative Fuel Vehicle Eligible,208,0,7,7455556,POINT (-117.8379 48.35609),AVISTA CORP,53065950800
1N4AZ1CP3J,Island,Oak Harbor,WA,98277,2018,NISSAN,,Battery Electric Vehicle (BEV),Clean Alternative Fuel Vehicle Eligible,151,0,10,442670168,POINT (-122.64682 48.29077),PUGET SOUND ENERGY INC,53029970401
YV4BR0CK6M,Thurston,Olympia,WA,98501,2021,VOLVO,,Plug-in Hybrid Electric Vehicle (PHEV),Not eligible due to low battery range,18,0,22,131651201,POINT (-122.89166 47.03956),PUGET SOUND ENERGY INC,53067010100
5YJSA1E10G,Snohomish,Lynnwood,WA,98037,2016,TESLA,,Battery Electric Vehicle (BEV),Clean Alternative Fuel Vehicle Eligible,210,0,21,203962132,POINT (-122.27734 47.83785),PUGET SOUND ENERGY INC,53061051928
1N4AZ1CP7J,Snohomish,Edmonds,WA,98026,2018,NISSAN,,Battery Electric Vehicle (BEV),Clean Alternative Fuel Vehicle Eligible,151,0,21,238364535,POINT (-122.31768 47.87166),PUGET SOUND ENERGY INC,53061050200
1G1FW6S03J,Snohomish,Bothell,WA,98012,2018,CHEVROLET,BOLT EV,,Clean Alternative Fuel Vehicle Eligible,238,0,1,258435964,POINT (-122.21061 47.83448),PUGET SOUND ENERGY INC,53061051935
1C4RJXP69R,Yakima,Wapato,WA,98951,2024,JEEP,,Battery Electric Vehicle (BEV),Not eligible due to low battery range,21,0,15,268639535,POINT (-120.42083 46.44779),PACIFICORP,53077940008
KNDCC3LD6J,Island,Clinton,WA,98236,2018,KIA,,Battery Electric Vehicle (BEV),Not eligible due to low battery range,26,0,10,162904332,POINT (-122.35803 47.9796),PUGET SOUND ENERGY INC,53029972000
5UXTA6C08P,Snohomish,Bothell,WA,98021,2023,BMW,,Battery Electric Vehicle (BEV),Clean Alternative Fuel Vehicle Eligible,30,0,1,219426231,POINT (-122.18384 47.8031),PUGET SOUND ENERGY INC,53061051938
5YJ3E1EA8L,Island,Greenbank,WA,98253,2020,TESLA,,Battery Electric Vehicle (BEV),Clean Alternative Fuel Vehicle Eligible,266,0,10,107513087,POINT (-122.56817 48.08827),PUGET SOUND ENERGY INC,53029971302
5YJXCBE43L,King,Redmond,WA,98053,2020,TESLA,MODEL X,Battery Electric Vehicle (BEV),Clean Alternative Fuel Vehicle Eligible,293,0,45,148049149,POINT (-122.03287 47.68555),PUGET SOUND ENERGY INC||CITY OF TACOMA - (WA),53033032328
KNDCE3LG1K,Snohomish,Bothell,WA,98021,2019,KIA,,Battery Electric Vehicle (BEV),Clean Alternative Fuel Vehicle Eligible,239,0,1,242231356,POINT (-122.18384 47.8031),PUGET SOUND ENERGY INC,53061051926
5YJ3E1EB3K,Snohomish,Lynnwood,WA,98037,2019,TESLA,,Battery Electric Vehicle (BEV),Clean Alternative Fuel Vehicle Eligible,220,0,32,230105571,POINT (-122.27734 47.83785),PUGET SOUND ENERGY INC,53061051802
KNDCC3LD4K,Stevens,Kettle Falls,WA,99141,2019,KIA,,Battery Electric Vehicle (BEV),Not eligible due to low battery range,26,0,7,102027383,POINT (-118.06211 48.61053),AVISTA CORP,53065950102
1N4AZ0CP0F,Snohomish,Mukilteo,WA,98275,2015,NISSAN,,Battery Electric Vehicle (BEV),Clean Alternative Fuel Vehicle Eligible,84,0,21,2363700,POINT (-122.29196 47.89908),PUGET SOUND ENERGY INC,53061041301
WVWPP7AU4F,Walla Walla,Walla Walla,WA,99362,2015,VOLKSWAGEN,,Battery Electric Vehicle (BEV),Clean Alternative Fuel Vehicle Eligible,83,0,16,7951639,POINT (-118.34261 46.07068),PACIFICORP,53071920701
KNDCE3LG1K,Skagit,Anacortes,WA,98221,2019,KIA,,Battery Electric Vehicle (BEV),Clean Alternative Fuel Vehicle Eligible,239,0,40,283699573,POINT (-122.61214 48.51748),PUGET SOUND ENERGY INC,53057940700
1G1RB6S57J,Island,Oak Harbor,WA,98277,2018,CHEVROLET,VOLT,Battery Electric Vehicle (BEV),Clean Alternative Fuel Vehicle Eligible,53,0,10,296836746,POINT (-122.64682 48.29077),PUGET SOUND ENERGY INC,53029970300
5YJXCBE21G,Skagit,Mount Vernon,WA,98274,2016,TESLA,,Battery Electric Vehicle (BEV),Clean Alternative Fuel Vehicle Eligible,200,0,10,475799915,POINT (-122.32295 48.4152),PUGET SOUND ENERGY INC,53057952700
WBAJB1C5XJ,Snohomish,Bothell,WA,98021,2018,BMW,,,Not eligible due to low battery range,14,54950,1,349881675,POINT (-122.18384 47.8031),PUGET SOUND ENERGY INC,53061051938
1N4AZ0CP2D,Island,Coupeville,WA,98239,2013,NISSAN,,Battery Electric Vehicle (BEV),Clean Alternative Fuel Vehicle Eligible,75,0,10,204897892,POINT (-122.68558 48.21857),PUGET SOUND ENERGY INC,53029971100
5YJ3E1EB5L,Walla Walla,Walla Walla,WA,99362,2020,TESLA,,Battery Electric Vehicle (BEV),Clean Alternative Fuel Vehicle Eligible,322,0,16,124324735,POINT (-118.34261 46.07068),PACIFICORP,53071920902
5YJXCBE2XG,Skagit,Mount Vernon,WA,98273,2016,TESLA,,Battery Electric Vehicle (BEV),Clean Alternative Fuel Vehicle Eligible,200,0,40,5373686,POINT (-122.33891 48.41644),PUGET SOUND ENERGY INC,53057952500
5YJYGDEE6L,King,Issaquah,WA,98029,2020,TESLA,MODEL Y,,Clean Alternative Fuel Vehicle Eligible,291,0,5,113443144,POINT (-122.00292 47.54748),PUGET SOUND ENERGY INC||CITY OF TACOMA - (WA),53033032220
1N4AZ0CP4G,Island,Freeland,WA,98249,2016,NISSAN,,,Clean Alternative Fuel Vehicle Eligible,84,0,10,210664233,POINT (-122.52664 48.00956),PUGET SOUND ENERGY INC,53029971900
1C4RJXN69R,Whitman,Palouse,WA,99161,2024,JEEP,WRANGLER,Plug-in Hybrid Electric Vehicle (PHEV),Not eligible due to low battery range,21,0,9,274127864,POINT (-117.0768 46.91008),AVISTA CORP,53075000700
1N4BZ0CP7H,Spokane,Spokane,WA,99207,2017,NISSAN,,,Clean Alternative Fuel Vehicle Eligible,107,0,3,266034345,POINT (-117.3973 47.67573),MODERN ELECTRIC WATER COMPANY,53063002600
5YJ3E1EB9K,Snohomish,Arlington,WA,98223,2019,TESLA,MODEL 3,Battery Electric Vehicle (BEV),Clean Alternative Fuel Vehicle Eligible,220,0,39,198860280,POINT (-122.1264 48.19471),PUGET SOUND ENERGY INC,53061053507
1G1FZ6S07K,Snohomish,Granite Falls,WA,98252,2019,CHEVROLET,,,Clean Alternative Fuel Vehicle Eligible,238,0,39,275925485,POINT (-121.96931 48.08157),PUGET SOUND ENERGY INC,53061053604
1G1RB6S53J,Whitman,Pullman,WA,99163,2018,CHEVROLET,,Plug-in Hybrid Electric Vehicle (PHEV),Clean Alternative Fuel Vehicle Eligible,53,0,9,203446827,POINT (-117.18147 46.73015),AVISTA CORP,53075000201
JM3KKEHA3R,Snohomish,Snohomish,WA,98296,2024,MAZDA,,Plug-in Hybrid Electric Vehicle (PHEV),Not eligible due to low battery range,26,0,1,252292092,POINT (-122.1389 47.87115),PUGET SOUND ENERGY INC,53061052112
1C4RJXU62R,Yakima,Yakima,WA,98903,2024,JEEP,WRANGLER,,Not eligible due to low battery range,21,0,14,259169536,POINT (-120.4778 46.55351),PACIFICORP,53077002803
WVWKP7AU0G,Kitsap,Seabeck,WA,,2016,VOLKSWAGEN,,,Clean Alternative Fuel Vehicle Eligible,83,0,35,255413875,POINT (-122.81585 47.64509),PUGET SOUND ENERGY INC,53035091301
KNDCC3LG2K,Snohomish,Mill Creek,WA,,2019,KIA,,,Clean Alternative Fuel Vehicle Eligible,239,0,44,244099110,POINT (-122.21061 47.83448),PUGET SOUND ENERGY INC,53061052004
1N4AZ0CP7D,Snohomish,Bothell,WA,,2013,NISSAN,LEAF,,Clean Alternative Fuel Vehicle Eligible,75,0,1,229699277,POINT (-122.21061 47.83448),PUGET SOUND ENERGY INC,53061051934
5YJ3E1EA7J,Snohomish,Lake Stevens,WA,,2018,TESLA,,,Clean Alternative Fuel Vehicle Eligible,215,0,44,345398686,POINT (-122.06402 48.01497),PUGET SOUND ENERGY INC,53061052603
3C3CFFGE6G,Yakima,Naches,WA,,2016,FIAT,,Battery Electric Vehicle (BEV),Clean Alternative Fuel Vehicle Eligible,84,0,14,202801616,POINT (-120.69972 46.7309),PACIFICORP,53077003002
WBAJA9C50J,Spokane,Spokane,WA,,2018,BMW,,Plug-in Hybrid Electric Vehicle (PHEV),Not eligible due to low battery range,16,52650,6,219604577,POINT (-117.39322 47.63374),MODERN ELECTRIC WATER COMPANY,53063004300
1N4AZ0CP0G,Skagit,Bow,WA,,2016,NISSAN,,,,84,0,40,182238521,POINT (-122.397 48.56045),PUGET SOUND ENERGY INC,53057950803
5YJ3E1EB9K,Yakima,Selah,WA,,2019,TESLA,,,,220,0,15,170947108,POINT (-120.53145 46.65405),PACIFICORP,53077003200
5YJSA1H28F,Chelan,Wenatchee,WA,,2015,TESLA,MODEL S,,,208,0,12,156915713,POINT (-120.30522 47.41494),PUD NO 1 OF CHELAN COUNTY,53007961200
5YJ3E1EA3K,Skagit,Mount Vernon,WA,,2019,TESLA,,,,220,0,40,319654919,POINT (-122.33891 48.41644),PUGET SOUND ENERGY INC,53057952304
JN1AZ0CP9C,Yakima,Yakima,WA,98901,2012,NISSAN,LEAF,,,73,0,15,314332490,POINT (-120.50729 46.60464),PACIFICORP,53077001601
1G1RC6S54K,Yakima,Yakima,WA,,2019,CHEVROLET,,,,53,0,14,238802546,POINT (-120.60272 46.59656),PACIFICORP,53077002804
JTJCJMGA4R,Yakima,Yakima,WA,,2024,LEXUS,RX,,,37,0,14,258090185,POINT (-120.52401 46.59739),PACIFICORP,53077000800
WVWKP7AU6G,Yakima,Tieton,WA,,2016,VOLKSWAGEN,,,Clean Alternative Fuel Vehicle Eligible,83,0,14,477758340,POINT (-120.75541 46.70257),PACIFICORP,53077002900
5YJ3E1EA2J,Snohomish,Snohomish,WA,,2018,TESLA,MODEL 3,Battery Electric Vehicle (BEV),,215,0,44,475718834,POINT (-122.1389 47.87115),PUGET SOUND ENERGY INC,53061052121
SADHD2S17L,Skagit,Sedro-Woolley,WA,98284,2020,JAGUAR,I-PACE,,,234,0,39,4932784,POINT (-122.23857 48.50858),PUGET SOUND ENERGY INC,53057951502
5YJ3E1EB3K,Snohomish,Marysville,WA,,2019,TESLA,MODEL 3,,,220,0,44,267552890,POINT (-122.1769 48.06114),PUGET SOUND ENERGY INC,53061052711
1G1RD6S5XH,Whitman,Pullman,WA,,2017,CHEVROLET,VOLT,,,53,0,9,349260173,POINT (-117.18147 46.73015),AVISTA CORP,53075000400
KL8CK6S06F,Snohomish,Lynnwood,WA,,2015,CHEVROLET,SPARK,Battery Electric Vehicle (BEV),,82,0,21,349051251,POINT (-122.27981 47.85727),PUGET SOUND ENERGY INC,53061041703
1C4JJXR64M,Island,Langley,WA,98260,2021,JEEP,WRANGLER,Plug-in Hybrid Electric Vehicle (PHEV),Not eligible due to low battery range,21,0,10,231209506,POINT (-122.40618 48.0399),PUGET SOUND ENERGY INC,53029972000
5UXTA6C05N,Snohomish,Lynnwood,WA,,2022,BMW,X5,Plug-in Hybrid Electric Vehicle (PHEV),,30,0,21,269931154,POINT (-122.29245 47.82557),PUGET SOUND ENERGY INC,53061051927
5YJXCDE26L,Walla Walla,Walla Walla,WA,,2020,TESLA,MODEL X,Battery Electric Vehicle (BEV),,289,0,16,104180338,POINT (-118.34261 46.07068),PACIFICORP,53071920200
JN1AZ0CP4B,Okanogan,Mazama,WA,,2011,NISSAN,LEAF,Battery Electric Vehicle (BEV),,73,0,12,165683409,POINT (-120.40814 48.5941),"OKANOGAN COUNTY ELEC COOP, INC",53047970900
7FCEHEB24R,Skagit,Burlington,WA,98233,2024,RIVIAN,EDV,Battery Electric Vehicle (BEV),,0,0,10,271988916,POINT (-122.33029 48.46846),PUGET SOUND ENERGY INC,53057951900
JM3KKEHA8S,Thurston,Lacey,WA,,2025,MAZDA,CX-90,Plug-in Hybrid Electric Vehicle (PHEV),,26,0,22,273167716,POINT (-122.81754 46.98876),PUGET SOUND ENERGY INC,53067011623
JHMZC5F35J,Snohomish,Everett,WA,,2018,HONDA,CLARITY,Plug-in Hybrid Electric Vehicle (PHEV),,47,0,38,180431870,POINT (-122.23019 47.94949),PUGET SOUND ENERGY INC,53061041202
5YJXCDE2XJ,Snohomish,Lake Stevens,WA,,2018,TESLA,MODEL X,Battery Electric Vehicle (BEV),Clean Alternative Fuel Vehicle Eligible,238,0,44,216685787,POINT (-122.06402 48.01497),PUGET SOUND ENERGY INC,53061052605
1G1FZ6S04L,Thurston,Olympia,WA,98503,2020,CHEVROLET,BOLT EV,Battery Electric Vehicle (BEV),Clean Alternative Fuel Vehicle Eligible,259,0,22,148256720,POINT (-122.82324 47.04437),PUGET SOUND ENERGY INC,53067011628
1N4AZ0CP9D,Island,Greenbank,WA,,2013,NISSAN,LEAF,Battery Electric Vehicle (BEV),Clean Alternative Fuel Vehicle Eligible,75,0,10,141003698,POINT (-122.56817 48.08827),PUGET SOUND ENERGY INC,53029971301
5YJ3E1EB4J,Snohomish,Lynnwood,WA,,2018,TESLA,MODEL 3,Battery Electric Vehicle (BEV),Clean Alternative Fuel Vehicle Eligible,215,0,32,474450203,POINT (-122.27734 47.83785),PUGET SOUND ENERGY INC,53061051602
5YJSA1E20J,Snohomish,Snohomish,WA,98296,2018,TESLA,MODEL S,Battery Electric Vehicle (BEV),Clean Alternative Fuel Vehicle Eligible,249,0,1,230026667,POINT (-122.1389 47.87115),PUGET SOUND ENERGY INC,53061052108
1N4AZ1CP7J,Chelan,Peshastin,WA,,2018,NISSAN,LEAF,Battery Electric Vehicle (BEV),Clean Alternative Fuel Vehicle Eligible,151,0,12,348418297,POINT (-120.60364 47.56805),PUD NO 1 OF CHELAN COUNTY,53007960501
KNDCR3L15R,Thurston,Yelm,WA,,2024,KIA,NIRO,Battery Electric Vehicle (BEV),Eligibility unknown as battery range has not been researched,0,0,2,271492861,POINT (-122.60735 46.94239),PUGET SOUND ENERGY INC,53067012422
5UX43EU09S,Walla Walla,Walla Walla Co,WA,,2025,BMW,X5,Plug-in Hybrid Electric Vehicle (PHEV),Clean Alternative Fuel Vehicle Eligible,40,0,16,273991742,POINT (-118.34261 46.07068),PACIFICORP,53071920902
KNDPZDDH2S,Kitsap,Bremerton,WA,,2025,KIA,SPORTAGE,Plug-in Hybrid Electric Vehicle (PHEV),Clean Alternative Fuel Vehicle Eligible,34,0,23,269784441,POINT (-122.60915 47.62631),PUGET SOUND ENERGY INC,53035091600
1N4BZ1CP8L,Snohomish,Edmonds,WA,,2020,NISSAN,LEAF,Battery Electric Vehicle (BEV),Clean Alternative Fuel Vehicle Eligible,215,0,32,156534913,POINT (-122.31768 47.87166),PUGET SOUND ENERGY INC,53061050900
WA1AAAGE4M,Snohomish,Lynnwood,WA,,2021,AUDI,E-TRON,Battery Electric Vehicle (BEV),Clean Alternative Fuel Vehicle Eligible,222,0,1,261916875,POINT (-122.29245 47.82557),PUGET SOUND ENERGY INC,53061051932
WBY7Z2C59J,King,Seattle,WA,,2018,BMW,I3,Battery Electric Vehicle (BEV),Clean Alternative Fuel Vehicle Eligible,114,0,43,174416945,POINT (-122.31676 47.68156),CITY OF SEATTLE - (WA)|CITY OF TACOMA - (WA),53033002500
JN1AZ0CP5B,Kitsap,Bremerton,WA,98310,2011,NISSAN,LEAF,Battery Electric Vehicle (BEV),Clean Alternative Fuel Vehicle Eligible,73,0,23,138722370,POINT (-122.61136 47.5752),PUGET SOUND ENERGY INC,53035091900
7SAYGDEE1N,Thurston,Olympia,WA,,2022,TESLA,MODEL Y,Battery Electric Vehicle (BEV),Eligibility unknown as battery range has not been researched,0,0,22,261654683,POINT (-122.75103 47.08149),PUGET SOUND ENERGY INC,53067012221
5YJ3E1EB4K,King,Bothell,WA,,2019,TESLA,MODEL 3,Battery Electric Vehicle (BEV),Clean Alternative Fuel Vehicle Eligible,220,0,1,110320647,POINT (-122.20563 47.76144),PUGET SOUND ENERGY INC||CITY OF TACOMA - (WA),53033021802
5YJXCDE2XH,Thurston,Lacey,WA,98513,2017,TESLA,MODEL X,Battery Electric Vehicle (BEV),Clean Alternative Fuel Vehicle Eligible,200,0,22,272442138,POINT (-122.81754 46.98876),PUGET SOUND ENERGY INC,53067011623
JN1AZ0CP8B,Snohomish,Everett,WA,,2011,NISSAN,LEAF,Battery Electric Vehicle (BEV),Clean Alternative Fuel Vehicle Eligible,73,0,38,156224918,POINT (-122.18637 47.89251),PUGET SOUND ENERGY INC,53061041805
WBY1Z4C54E,Snohomish,Edmonds,WA,,2014,BMW,I3,Plug-in Hybrid Electric Vehicle (PHEV),Clean Alternative Fuel Vehicle Eligible,72,0,21,185826161,POINT (-122.31768 47.87166),PUGET SOUND ENERGY INC,53061050101
1FADP3R40H,Whitman,Pullman,WA,,2017,FORD,FOCUS,Battery Electric Vehicle (BEV),,100,0,9,339755720,POINT (-117.18147 46.73015),AVISTA CORP,53075000300
7SAYGDEE3N,Yakima,Selah,WA,,2022,TESLA,MODEL Y,Battery Electric Vehicle (BEV),,0,0,15,273177124,POINT (-120.53145 46.65405),PACIFICORP,53077003400
WAUSPBFF7J,Thurston,Lacey,WA,98516,2018,AUDI,A3,Plug-in Hybrid Electric Vehicle (PHEV),Not eligible due to low battery range,16,0,22,220650146,POINT (-122.75103 47.08149),PUGET SOUND ENERGY INC,53067012221
5YJ3E1EA1J,Snohomish,Bothell,WA,,2018,TESLA,MODEL 3,Battery Electric Vehicle (BEV),,215,0,1,3604212,POINT (-122.18384 47.8031),PUGET SOUND ENERGY INC,53061051938
WMEEJ9AA9G,Snohomish,Edmonds,WA,98026,2016,SMART,FORTWO,Battery Electric Vehicle (BEV),,68,0,21,103759141,POINT (-122.31768 47.87166),PUGET SOUND ENERGY INC,53061050200
5YJ3E1EB7K,King,Redmond,WA,,2019,TESLA,MODEL 3,Battery Electric Vehicle (BEV),,220,0,45,306803451,POINT (-122.03287 47.68555),PUGET SOUND ENERGY INC||CITY OF TACOMA - (WA),53033032328
5YJ3E1EB3K,Snohomish,Granite Falls,WA,98252,2019,TESLA,MODEL 3,Battery Electric Vehicle (BEV),,220,0,39,478352353,POINT (-121.96931 48.08157),PUGET SOUND ENERGY INC,53061053604
5UX43EU01S,Thurston,Olympia,WA,,2025,BMW,X5,Plug-in Hybrid Electric Vehicle (PHEV),Clean Alternative Fuel Vehicle Eligible,40,0,22,276046389,POINT (-122.87741 47.05997),PUGET SOUND ENERGY INC,53067010200
5YJ3E1EA1K,Thurston,Olympia,WA,,2019,TESLA,MODEL 3,Battery Electric Vehicle (BEV),,220,0,22,264032842,POINT (-122.87741 47.05997),PUGET SOUND ENERGY INC,53067012223
3FA6P0SU6F,Snohomish,Mill Creek,WA,,2015,FORD,FUSION,Plug-in Hybrid Electric Vehicle (PHEV),Not eligible due to low battery range,19,0,44,349890761,POINT (-122.21061 47.83448),PUGET SOUND ENERGY INC,53061041609
1N4AZ0CPXE,King,Seattle,WA,,2014,NISSAN,LEAF,Battery Electric Vehicle (BEV),,84,0,46,197020449,POINT (-122.30253 47.72656),CITY OF SEATTLE - (WA)|CITY OF TACOMA - (WA),53033000800
JTMAB3FV2M,Jefferson,Port Townsend,WA,,2021,TOYOTA,RAV4 PRIME,Plug-in Hybrid Electric Vehicle (PHEV),,42,0,24,154580037,POINT (-122.77263 48.1212),BONNEVILLE POWER ADMINISTRATION||PUGET SOUND ENERGY INC||PUD NO 1 OF JEFFERSON COUNTY,53031950604
1C4RJYC65P,King,Seattle,WA,,2023,JEEP,GRAND CHEROKEE,Plug-in Hybrid Electric Vehicle (PHEV),Not eligible due to low battery range,25,0,34,240772367,POINT (-122.36178 47.49408),CITY OF SEATTLE - (WA)|CITY OF TACOMA - (WA),53033012100
3C3CFFGE8F,Thurston,Olympia,WA,,2015,FIAT,500,Battery Electric Vehicle (BEV),,87,0,22,163461630,POINT (-122.92333 47.03779),PUGET SOUND ENERGY INC,53067010520
YV4BR0DL2M,King,Auburn,WA,98092,2021,VOLVO,XC60,Plug-in Hybrid Electric Vehicle (PHEV),,18,0,47,144503138,POINT (-122.1821 47.3199),PUGET SOUND ENERGY INC||CITY OF TACOMA - (WA),53033031206
WVWKR7AU0H,King,Seattle,WA,,2017,VOLKSWAGEN,E-GOLF,Battery Electric Vehicle (BEV),Clean Alternative Fuel Vehicle Eligible,125,0,46,240279448,POINT (-122.35436 47.67596),CITY OF SEATTLE - (WA)|CITY OF TACOMA - (WA),53033002700
7SAYGAEE2P,King,Sammamish,WA,98075,2023,TESLA,MODEL Y,Battery Electric Vehicle (BEV),Eligibility unknown as battery range has not been researched,0,0,41,272512719,POINT (-122.03539 47.61344),PUGET SOUND ENERGY INC||CITY OF TACOMA - (WA),53033032216
YV4ED3UM8P,King,Bellevue,WA,,2023,VOLVO,XC40,Battery Electric Vehicle (BEV),Eligibility unknown as battery range has not been researched,0,0,48,263104488,POINT (-122.1621 47.64441),PUGET SOUND ENERGY INC||CITY OF TACOMA - (WA),53033023701
7SAYGDEDXP,King,Seattle,WA,,2023,TESLA,MODEL Y,Battery Electric Vehicle (BEV),Eligibility unknown as battery range has not been researched,0,0,46,261339795,POINT (-122.30253 47.72656),CITY OF SEATTLE - (WA)|CITY OF TACOMA - (WA),53033000700
WA1E2AFYXR,King,Seattle,WA,,2024,AUDI,Q5 E,Plug-in Hybrid Electric Vehicle (PHEV),Not eligible due to low battery range,23,0,36,267032426,POINT (-122.36498 47.72238),CITY OF SEATTLE - (WA)|CITY OF TACOMA - (WA),53033001600
WB523CF02P,King,Bellevue,WA,,2023,BMW,IX,Battery Electric Vehicle (BEV),Eligibility unknown as battery range has not been researched,0,0,41,236501779,POINT (-122.12096 47.55584),PUGET SOUND ENERGY INC||CITY OF TACOMA - (WA),53033024904
KNDCD3LDXN,Thurston,Olympia,WA,,2022,KIA,NIRO,Plug-in Hybrid Electric Vehicle (PHEV),Not eligible due to low battery range,26,0,22,204974521,POINT (-122.92333 47.03779),PUGET SOUND ENERGY INC,53067010600
1N4BZ0CP0H,Kitsap,Bainbridge Island,WA,,2017,NISSAN,LEAF,Battery Electric Vehicle (BEV),Clean Alternative Fuel Vehicle Eligible,107,0,23,239217184,POINT (-122.521 47.62728),PUGET SOUND ENERGY INC,53035090700
5YJXCBE28H,King,Issaquah,WA,98029,2017,TESLA,MODEL X,Battery Electric Vehicle (BEV),Clean Alternative Fuel Vehicle Eligible,200,0,5,148672051,POINT (-122.00292 47.54748),PUGET SOUND ENERGY INC||CITY OF TACOMA - (WA),53033032221
7SAYGDEE3R,King,Renton,WA,,2024,TESLA,MODEL Y,Battery Electric Vehicle (BEV),Eligibility unknown as battery range has not been researched,0,0,11,264975399,POINT (-122.15734 47.48718),PUGET SOUND ENERGY INC||CITY OF TACOMA - (WA),53033025101
1N4AZ1CP6J,Thurston,Rochester,WA,,2018,NISSAN,LEAF,Battery Electric Vehicle (BEV),Clean Alternative Fuel Vehicle Eligible,151,0,35,475848852,POINT (-123.08743 46.82175),PUGET SOUND ENERGY INC,53067012730
KNDC3DLC7P,King,Shoreline,WA,,2023,KIA,EV6,Battery Electric Vehicle (BEV),Eligibility unknown as battery range has not been researched,0,0,32,251194513,POINT (-122.3175 47.75781),CITY OF SEATTLE - (WA)|CITY OF TACOMA - (WA),53033021100
ZFAFFAA40R,King,Seattle,WA,,2024,FIAT,500E,Battery Electric Vehicle (BEV),Eligibility unknown as battery range has not been researched,0,0,43,269821387,POINT (-122.31676 47.68156),CITY OF SEATTLE - (WA)|CITY OF TACOMA - (WA),53033004401
7SAXCBE51R,King,Redmond,WA,,2024,TESLA,MODEL X,Battery Electric Vehicle (BEV),Eligibility unknown as battery range has not been researched,0,0,45,272179652,POINT (-122.13158 47.67858),PUGET SOUND ENERGY INC||CITY OF TACOMA - (WA),53033032321
5YJSA1DP2D,King,Seattle,WA,,2013,TESLA,MODEL S,Battery Electric Vehicle (BEV),Clean Alternative Fuel Vehicle Eligible,208,69900,36,159799993,POINT (-122.35022 47.63824),CITY OF SEATTLE - (WA)|CITY OF TACOMA - (WA),53033007002
5YJ3E1ET2R,King,Bellevue,WA,,2024,TESLA,MODEL 3,Battery Electric Vehicle (BEV),Eligibility unknown as battery range has not been researched,0,0,41,271695623,POINT (-122.1872 47.61001),PUGET SOUND ENERGY INC||CITY OF TACOMA - (WA),53033023901
WBY33AW08R,King,Kirkland,WA,,2024,BMW,I4,Battery Electric Vehicle (BEV),Eligibility unknown as battery range has not been researched,0,0,45,254806576,POINT (-122.22901 47.72201),PUGET SOUND ENERGY INC||CITY OF TACOMA - (WA),53033022003
1N4BZ0CP4H,Clark,Vancouver,WA,,2017,NISSAN,LEAF,Battery Electric Vehicle (BEV),Clean Alternative Fuel Vehicle Eligible,107,0,49,349801931,POINT (-122.70303 45.70954),BONNEVILLE POWER ADMINISTRATION||PUD NO 1 OF CLARK COUNTY - (WA),53011040904
3GNKDBRJ4R,King,Enumclaw,WA,98022,2024,CHEVROLET,BLAZER EV,Battery Electric Vehicle (BEV),Eligibility unknown as battery range has not been researched,0,0,31,278077586,POINT (-121.99136 47.20433),PUGET SOUND ENERGY INC||CITY OF TACOMA - (WA),53033031400
1G1FZ6S07L,,Selah,WA,,2020,CHEVROLET,BOLT EV,Battery Electric Vehicle (BEV),Clean Alternative Fuel Vehicle Eligible,259,0,15,262651252,POINT (-120.53145 46.65405),PACIFICORP,53077003200
5YJ3E1EB2L,,Yakima,WA,,2020,TESLA,MODEL 3,Battery Electric Vehicle (BEV),Clean Alternative Fuel Vehicle Eligible,322,0,14,274036927,POINT (-120.52401 46.59739),PACIFICORP,53077000600
7SAYGDEE4P,,Seattle,WA,,2023,TESLA,MODEL Y,Battery Electric Vehicle (BEV),Eligibility unknown as battery range has not been researched,0,0,37,241503538,POINT (-122.23825 47.49461),CITY OF SEATTLE - (WA)|CITY OF TACOMA - (WA),53033011902
7SAYGDEF9P,,Redmond,WA,,2023,TESLA,MODEL Y,Battery Electric Vehicle (BEV),Eligibility unknown as battery range has not been researched,0,0,48,244375330,POINT (-122.13158 47.67858),PUGET SOUND ENERGY INC||CITY OF TACOMA - (WA),53033022803
WA1M2BFZ8P,,Seattle,WA,,2023,AUDI,Q4,Battery Electric Vehicle (BEV),Eligibility unknown as battery range has not been researched,0,0,43,255473998,POINT (-122.30207 47.64085),CITY OF SEATTLE - (WA)|CITY OF TACOMA - (WA),53033006400
3GNKDBRJXR,,Bainbridge Island,WA,,2024,CHEVROLET,BLAZER EV,Battery Electric Vehicle (BEV),,0,0,23,275524525,POINT (-122.521 47.62728),PUGET SOUND ENERGY INC,53035090800
5YJ3E1EB0J,,Lake Forest Park,WA,,2018,TESLA,MODEL 3,Battery Electric Vehicle (BEV),,215,0,46,474343292,POINT (-122.3175 47.75781),CITY OF SEATTLE - (WA)|CITY OF TACOMA - (WA),53033021300
WBY73AW05R,,Redmond,WA,,2024,BMW,I4,Battery Electric Vehicle (BEV),,0,0,45,257798180,POINT (-122.13158 47.67858),PUGET SOUND ENERGY INC||CITY OF TACOMA - (WA),53033032323
5YJ3E1EA2P,,Bellevue,WA,98008,2023,TESLA,MODEL 3,Battery Electric Vehicle (BEV),,0,0,48,249791888,POINT (-122.11867 47.63131),PUGET SOUND ENERGY INC||CITY OF TACOMA - (WA),53033023000
1N4AZ1BV3P,,Redmond,WA,98052,2023,NISSAN,LEAF,Battery Electric Vehicle (BEV),,0,0,45,229888389,POINT (-122.13158 47.67858),PUGET SOUND ENERGY INC||CITY OF TACOMA - (WA),53033032321
5YJ3E1EB6K,,Bellevue,WA,98008,2019,TESLA,MODEL 3,Battery Electric Vehicle (BEV),,220,0,48,476807537,POINT (-122.11867 47.63131),PUGET SOUND ENERGY INC||CITY OF TACOMA - (WA),53033023100
7SAYGDEE0P,,Seattle,WA,98177,2023,TESLA,MODEL Y,Battery Electric Vehicle (BEV),,0,0,36,241636006,POINT (-122.36498 47.72238),CITY OF SEATTLE - (WA)|CITY OF TACOMA - (WA),53033001600
1G1FY6S07P,,Burien,WA,98146,2023,CHEVROLET,BOLT EUV,Battery Electric Vehicle (BEV),,0,0,34,257991303,POINT (-122.36178 47.49408),CITY OF SEATTLE - (WA)|CITY OF TACOMA - (WA),53033026802
JTMAB3FV3R,,Seattle,WA,98177,2024,TOYOTA,RAV4 PRIME,Plug-in Hybrid Electric Vehicle (PHEV),,42,0,32,267096644,POINT (-122.36498 47.72238),CITY OF SEATTLE - (WA)|CITY OF TACOMA - (WA),53033000500
WAUCJBFW6N,,Kirkland,WA,98033,2022,AUDI,E-TRON GT,Battery Electric Vehicle (BEV),,0,0,48,209187961,POINT (-122.2066 47.67887),PUGET SOUND ENERGY INC||CITY OF TACOMA - (WA),53033022501
5YJ3E1EA2R,,Bellevue,WA,98004,2024,TESLA,MODEL 3,Battery Electric Vehicle (BEV),,0,0,48,273874352,POINT (-122.1872 47.61001),PUGET SOUND ENERGY INC||CITY OF TACOMA - (WA),53033023805
5YJ3E1EA6R,,Auburn,WA,98092,2024,TESLA,MODEL 3,Battery Electric Vehicle (BEV),,0,0,47,272798235,POINT (-122.1821 47.3199),PUGET SOUND ENERGY INC||CITY OF TACOMA - (WA),53033031208
JTDACACU5R,,Zillah,WA,98953,2024,TOYOTA,PRIUS PRIME,Plug-in Hybrid Electric Vehicle (PHEV),,39,0,15,272863531,POINT (-120.26226 46.40199),PACIFICORP,53077002201
WA1VCBGE7N,,Sammamish,WA,98074,2022,AUDI,E-TRON,Battery Electric Vehicle (BEV),,0,0,45,227232050,POINT (-122.02054 47.60326),PUGET SOUND ENERGY INC||CITY OF TACOMA - (WA),53033032216
YV4ED3UR6M,,Shoreline,WA,98155,2021,VOLVO,XC40,Battery Electric Vehicle (BEV),,0,0,32,175701543,POINT (-122.3175 47.75781),CITY OF SEATTLE - (WA)|CITY OF TACOMA - (WA),53033021300
JTMFB3FV8M,,Yakima,WA,98902,2021,TOYOTA,RAV4 PRIME,Plug-in Hybrid Electric Vehicle (PHEV),,42,0,14,161457733,POINT (-120.52401 46.59739),PACIFICORP,53077000800
1C4JJXP6XM,,Quilcene,WA,98376,2021,JEEP,WRANGLER,Plug-in Hybrid Electric Vehicle (PHEV),,25,0,24,182203801,POINT (-122.8775 47.82642),BONNEVILLE POWER ADMINISTRATION||PUGET SOUND ENERGY INC||PUD NO 1 OF JEFFERSON COUNTY,53031950202
1N4CZ1CVXP,,Port Townsend,WA,98368,2023,NISSAN,LEAF,Battery Electric Vehicle (BEV),,0,0,24,224787678,POINT (-122.77263 48.1212),BONNEVILLE POWER ADMINISTRATION||PUGET SOUND ENERGY INC||PUD NO 1 OF JEFFERSON COUNTY,53031950502
5YJYGDEE1M,,Bellevue,WA,98004,2021,TESLA,MODEL Y,Battery Electric Vehicle (BEV),,0,0,48,178913311,POINT (-122.1872 47.61001),PUGET SOUND ENERGY INC||CITY OF TACOMA - (WA),53033024002
7SAYGAEE7P,,Bellevue,WA,98006,2023,TESLA,MODEL Y,Battery Electric Vehicle (BEV),,0,0,41,261991005,POINT (-122.12096 47.55584),PUGET SOUND ENERGY INC||CITY OF TACOMA - (WA),53033024901
7SAYGDEF6S,,Vancouver,WA,98663,2025,TESLA,MODEL Y,Battery Electric Vehicle (BEV),Eligibility unknown as battery range has not been researched,0,0,49,275946968,POINT (-122.64695 45.65675),BONNEVILLE POWER ADMINISTRATION||PUD NO 1 OF CLARK COUNTY - (WA),53011041003
JTJAAAAB8P,,Kent,WA,98030,2023,LEXUS,RZ,Battery Electric Vehicle (BEV),,0,0,33,252470081,POINT (-122.19975 47.37483),PUGET SOUND ENERGY INC||CITY OF TACOMA - (WA),53033029702
1FADP5FU0H,,Vancouver,WA,98684,2017,FORD,C-MAX,Plug-in Hybrid Electric Vehicle (PHEV),Not eligible due to low battery range,20,0,17,348154215,POINT (-122.48723 45.63701),BONNEVILLE POWER ADMINISTRATION||PUD NO 1 OF CLARK COUNTY - (WA),53011041337
5YJ3E1EB3P,,Renton,WA,98055,2023,TESLA,MODEL 3,Battery Electric Vehicle (BEV),Eligibility unknown as battery range has not been researched,0,0,11,227198289,POINT (-122.197 47.43876),PUGET SOUND ENERGY INC||CITY OF TACOMA - (WA),53033025806
KNDCC3LG5L,,Kirkland,WA,98033,2020,KIA,NIRO,Battery Electric Vehicle (BEV),Clean Alternative Fuel Vehicle Eligible,239,0,48,151409261,POINT (-122.2066 47.67887),PUGET SOUND ENERGY INC||CITY OF TACOMA - (WA),53033022701
1G1FY6S0XP,,Vancouver,WA,98686,2023,CHEVROLET,BOLT EUV,Battery Electric Vehicle (BEV),Eligibility unknown as battery range has not been researched,0,0,17,251300402,POINT (-122.62731 45.71668),BONNEVILLE POWER ADMINISTRATION||PUD NO 1 OF CLARK COUNTY - (WA),53011040812
5LMYJ8XY6P,,Issaquah,WA,98027,2023,LINCOLN,AVIATOR,Plug-in Hybrid Electric Vehicle (PHEV),Not eligible due to low battery range,21,0,41,270678096,POINT (-122.03439 47.5301),PUGET SOUND ENERGY INC||CITY OF TACOMA - (WA),53033025006
1FTVW3L7XR,,Auburn,WA,98092,2024,FORD,F-150,Battery Electric Vehicle (BEV),Eligibility unknown as battery range has not been researched,0,0,47,274944547,POINT (-122.1821 47.3199),PUGET SOUND ENERGY INC||CITY OF TACOMA - (WA),53033031207
2C4RC1L76P,,Everett,WA,98208,2023,CHRYSLER,PACIFICA,Plug-in Hybrid Electric Vehicle (PHEV),Clean Alternative Fuel Vehicle Eligible,32,0,21,262713377,POINT (-122.18637 47.89251),PUGET SOUND ENERGY INC,53061041605
5YJ3E1EBXP,,Redmond,WA,98052,2023,TESLA,MODEL 3,Battery Electric Vehicle (BEV),Eligibility unknown as battery range has not been researched,0,0,45,224132688,POINT (-122.13158 47.67858),PUGET SOUND ENERGY INC||CITY OF TACOMA - (WA),53033032321
7SAYGDEF1N,,Burien,WA,98146,2022,TESLA,MODEL Y,Battery Electric Vehicle (BEV),Eligibility unknown as battery range has not been researched,0,0,34,208414622,POINT (-122.36178 47.49408),CITY OF SEATTLE - (WA)|CITY OF TACOMA - (WA),53033026700
7SAYGDEE1P,,Seattle,WA,98103,2023,TESLA,MODEL Y,Battery Electric Vehicle (BEV),Eligibility unknown as battery range has not been researched,0,0,43,255795452,POINT (-122.35436 47.67596),CITY OF SEATTLE - (WA)|CITY OF TACOMA - (WA),53033005000
5YJ3E1EB8K,,Sammamish,WA,98074,2019,TESLA,MODEL 3,Battery Electric Vehicle (BEV),Clean Alternative Fuel Vehicle Eligible,220,0,45,103591862,POINT (-122.02054 47.60326),PUGET SOUND ENERGY INC||CITY OF TACOMA - (WA),53033032316
5YJ3E1EA6L,,Seattle,WA,98116,2020,TESLA,MODEL 3,Battery Electric Vehicle (BEV),Clean Alternative Fuel Vehicle Eligible,266,0,34,1985238,POINT (-122.41067 47.57894),CITY OF SEATTLE - (WA)|CITY OF TACOMA - (WA),53033009600
7SAYGDEE8P,,Bellevue,WA,98005,2023,TESLA,MODEL Y,Battery Electric Vehicle (BEV),Eligibility unknown as battery range has not been researched,0,0,48,256267224,POINT (-122.1621 47.64441),PUGET SOUND ENERGY INC||CITY OF TACOMA - (WA),53033023701
7SAYGDEFXR,,Vancouver,WA,98682,2024,TESLA,MODEL Y,Battery Electric Vehicle (BEV),Eligibility unknown as battery range has not been researched,0,0,17,272344551,POINT (-122.55149 45.69345),BONNEVILLE POWER ADMINISTRATION||PUD NO 1 OF CLARK COUNTY - (WA),53011040714
1G1RA6S56J,,Federal Way,WA,98003,2018,CHEVROLET,VOLT,Plug-in Hybrid Electric Vehicle (PHEV),Clean Alternative Fuel Vehicle Eligible,53,0,30,474394126,POINT (-122.3303 47.30151),PUGET SOUND ENERGY INC||CITY OF TACOMA - (WA),53033030313
3FMTK3S54P,,Seabeck,WA,98380,2023,FORD,MUSTANG MACH-E,Battery Electric Vehicle (BEV),Eligibility unknown as battery range has not been researched,0,0,35,268481349,POINT (-122.81585 47.64509),PUGET SOUND ENERGY INC,53035091301
7SAYGAEE0P,,Bellevue,WA,98007,2023,TESLA,MODEL Y,Battery Electric Vehicle (BEV),Eligibility unknown as battery range has not been researched,0,0,48,258114958,POINT (-122.12056 47.61334),PUGET SOUND ENERGY INC||CITY OF TACOMA - (WA),53033023300
JN1AZ0CP6B,,Vancouver,WA,98685,2011,NISSAN,LEAF,Battery Electric Vehicle (BEV),Clean Alternative Fuel Vehicle Eligible,73,0,18,100525113,POINT (-122.70303 45.70954),BONNEVILLE POWER ADMINISTRATION||PUD NO 1 OF CLARK COUNTY - (WA),53011040909
7SAYGDEE6R,,Bellevue,WA,98006,2024,TESLA,MODEL Y,Battery Electric Vehicle (BEV),Eligibility unknown as battery range has not been researched,0,0,41,264780995,POINT (-122.12096 47.55584),PUGET SOUND ENERGY INC||CITY OF TACOMA - (WA),53033024905
7SAYGDEE5R,,Seattle,WA,98105,2024,TESLA,MODEL Y,Battery Electric Vehicle (BEV),Eligibility unknown as battery range has not been researched,0,0,43,261695535,POINT (-122.31307 47.66127),CITY OF SEATTLE - (WA)|CITY OF TACOMA - (WA),53033004402
1N4BZ1DP7L,,Redmond,WA,98052,2020,NISSAN,LEAF,Battery Electric Vehicle (BEV),Clean Alternative Fuel Vehicle Eligible,215,0,45,133573618,POINT (-122.13158 47.67858),PUGET SOUND ENERGY INC||CITY OF TACOMA - (WA),53033032323
7SAXCBE66N,,Vancouver,WA,98685,2022,TESLA,MODEL X,Battery Electric Vehicle (BEV),Eligibility unknown as battery range has not been researched,0,0,18,193739584,POINT (-122.70303 45.70954),BONNEVILLE POWER ADMINISTRATION||PUD NO 1 OF CLARK COUNTY - (WA),53011040907
2C4RC1S71M,,Bellevue,WA,98006,2021,CHRYSLER,PACIFICA,Plug-in Hybrid Electric Vehicle (PHEV),Clean Alternative Fuel Vehicle Eligible,32,0,41,154043634,POINT (-122.12096 47.55584),PUGET SOUND ENERGY INC||CITY OF TACOMA - (WA),53033024704
JTMFB3FV5S,,Kenmore,WA,98028,2025,TOYOTA,RAV4 PRIME,Plug-in Hybrid Electric Vehicle (PHEV),Clean Alternative Fuel Vehicle Eligible,42,0,46,278505587,POINT (-122.24369 47.75892),PUGET SOUND ENERGY INC||CITY OF TACOMA - (WA),53033022101
5YJ3E1EA9P,,Bothell,WA,98011,2023,TESLA,MODEL 3,Battery Electric Vehicle (BEV),Eligibility unknown as battery range has not been researched,0,0,1,271304925,POINT (-122.20563 47.76144),PUGET SOUND ENERGY INC||CITY OF TACOMA - (WA),53033022102
JTMEB3FVXR,,Lynnwood,WA,98087,2024,TOYOTA,RAV4 PRIME,Plug-in Hybrid Electric Vehicle (PHEV),Clean Alternative Fuel Vehicle Eligible,42,0,21,263053724,POINT (-122.27981 47.85727),PUGET SOUND ENERGY INC,53061041816
5YJSA1CN3D,,Oak Harbor,WA,98277,2013,TESLA,MODEL S,Battery Electric Vehicle (BEV),Clean Alternative Fuel Vehicle Eligible,208,69900,10,206191534,POINT (-122.64682 48.29077),PUGET SOUND ENERGY INC,53029970800
YV4BC0PM0G,,Seattle,WA,98125,2016,VOLVO,XC90,Plug-in Hybrid Electric Vehicle (PHEV),Not eligible due to low battery range,13,0,46,212112883,POINT (-122.30253 47.72656),CITY OF SEATTLE - (WA)|CITY OF TACOMA - (WA),53033001000
7SAYGDEE3P,,Bothell,WA,98011,2023,TESLA,MODEL Y,Battery Electric Vehicle (BEV),Eligibility unknown as battery range has not been researched,0,0,1,251820551,POINT (-122.20563 47.76144),PUGET SOUND ENERGY INC||CITY OF TACOMA - (WA),53033021905
7SAYGDEEXP,,Bellevue,WA,98004,2023,TESLA,MODEL Y,Battery Electric Vehicle (BEV),Eligibility unknown as battery range has not been researched,0,0,48,261193439,POINT (-122.1872 47.61001),PUGET SOUND ENERGY INC||CITY OF TACOMA - (WA),53033023806
KNDPYDAH5P,,Seattle,WA,98103,2023,KIA,SPORTAGE,Plug-in Hybrid Electric Vehicle (PHEV),Clean Alternative Fuel Vehicle Eligible,34,0,43,212135332,POINT (-122.35436 47.67596),CITY OF SEATTLE - (WA)|CITY OF TACOMA - (WA),53033004800
KNDC3DLCXR,,Keyport,WA,98345,2024,KIA,EV6,Battery Electric Vehicle (BEV),Eligibility unknown as battery range has not been researched,0,0,23,267292448,POINT (-122.62316 47.70251),PUGET SOUND ENERGY INC,53035091100
JTMFB3FV6N,,Issaquah,WA,98027,2022,TOYOTA,RAV4 PRIME,Plug-in Hybrid Electric Vehicle (PHEV),Clean Alternative Fuel Vehicle Eligible,42,0,5,253437432,POINT (-122.03439 47.5301),PUGET SOUND ENERGY INC||CITY OF TACOMA - (WA),53033025006
KM8KRDAF1P,,Olalla,WA,98359,2023,HYUNDAI,IONIQ 5,Battery Electric Vehicle (BEV),Eligibility unknown as battery range has not been researched,0,0,26,253744865,POINT (-122.54729 47.42602),PUGET SOUND ENERGY INC,53035092803
5YJ3E1EB7S,,Bothell,WA,98012,2025,TESLA,MODEL 3,Battery Electric Vehicle (BEV),Eligibility unknown as battery range has not been researched,0,0,21,276299075,POINT (-122.21061 47.83448),PUGET SOUND ENERGY INC,53061051922
WDDVP9AB9F,,Bellevue,WA,98004,2015,MERCEDES-BENZ,B-CLASS,Battery Electric Vehicle (BEV),Clean Alternative Fuel Vehicle Eligible,87,0,48,155506389,POINT (-122.1872 47.61001),PUGET SOUND ENERGY INC||CITY OF TACOMA - (WA),53033024001
7SAYGDEE4N,,Bothell,WA,98011,2022,TESLA,MODEL Y,Battery Electric Vehicle (BEV),Eligibility unknown as battery range has not been researched,0,0,1,190006757,POINT (-122.20563 47.76144),PUGET SOUND ENERGY INC||CITY OF TACOMA - (WA),53033022001
1N4BZ1CPXL,,Olympia,WA,98502,2020,NISSAN,LEAF,Battery Electric Vehicle (BEV),Clean Alternative Fuel Vehicle Eligible,215,0,22,138933252,POINT (-122.92333 47.03779),PUGET SOUND ENERGY INC,53067010510
1N4AZ1CV2M,,Seattle,WA,98122,2021,NISSAN,LEAF,Battery Electric Vehicle (BEV),Eligibility unknown as battery range has not been researched,0,0,37,150312823,POINT (-122.31009 47.60803),CITY OF SEATTLE - (WA)|CITY OF TACOMA - (WA),53033007800
KM8KRDDF7R,,Kirkland,WA,98033,2024,HYUNDAI,IONIQ 5,Battery Electric Vehicle (BEV),Eligibility unknown as battery range has not been researched,0,0,48,262309533,POINT (-122.2066 47.67887),PUGET SOUND ENERGY INC||CITY OF TACOMA - (WA),53033022703
5YJ3E1EA5P,,Seattle,WA,98112,2023,TESLA,MODEL 3,Battery Electric Vehicle (BEV),Eligibility unknown as battery range has not been researched,0,0,37,240841485,POINT (-122.30207 47.64085),CITY OF SEATTLE - (WA)|CITY OF TACOMA - (WA),53033007700
7SAYGDED8R,,Seattle,WA,98125,2024,TESLA,MODEL Y,Battery Electric Vehicle (BEV),Eligibility unknown as battery range has not been researched,0,0,46,263170288,POINT (-122.30253 47.72656),CITY OF SEATTLE - (WA)|CITY OF TACOMA - (WA),53033001100
5LMYJ8XY6L,,Port Orchard,WA,98366,2020,LINCOLN,AVIATOR,Plug-in Hybrid Electric Vehicle (PHEV),Not eligible due to low battery range,21,0,26,259776653,POINT (-122.63847 47.54103),PUGET SOUND ENERGY INC,53035092500
JM3KKDHA2R,,Vancouver,WA,98683,2024,MAZDA,CX-90,Plug-in Hybrid Electric Vehicle (PHEV),Not eligible due to low battery range,26,0,17,267421472,POINT (-122.49212 45.60365),BONNEVILLE POWER ADMINISTRATION||PUD NO 1 OF CLARK COUNTY - (WA),53011041309
JTMFB3FV3S,,Vancouver,WA,98682,2025,TOYOTA,RAV4 PRIME,Plug-in Hybrid Electric Vehicle (PHEV),Clean Alternative Fuel Vehicle Eligible,42,0,17,276382739,POINT (-122.55149 45.69345),BONNEVILLE POWER ADMINISTRATION||PUD NO 1 OF CLARK COUNTY - (WA),53011040707
KNDCC3LG1K,King,Bellevue,WA,98006,2019,KIA,NIRO,Battery Electric Vehicle (BEV),Clean Alternative Fuel Vehicle Eligible,239,0,41,110189607,POINT (-122.12096 47.55584),PUGET SOUND ENERGY INC||CITY OF TACOMA - (WA),53033024904
5YJ3E1ET0R,,Seattle,WA,98119,2024,TESLA,MODEL 3,Battery Electric Vehicle (BEV),Eligibility unknown as battery range has not been researched,0,0,36,275363189,POINT (-122.3684 47.64586),CITY OF SEATTLE - (WA)|CITY OF TACOMA - (WA),53033006000
1N4AZ0CP2E,,Poulsbo,WA,98370,2014,NISSAN,LEAF,Battery Electric Vehicle (BEV),Clean Alternative Fuel Vehicle Eligible,84,0,23,101244727,POINT (-122.64681 47.73689),PUGET SOUND ENERGY INC,53035090502
5YJYGDEE1L,,Kirkland,WA,98033,2020,TESLA,MODEL Y,Battery Electric Vehicle (BEV),Clean Alternative Fuel Vehicle Eligible,291,0,48,112874471,POINT (-122.2066 47.67887),PUGET SOUND ENERGY INC||CITY OF TACOMA - (WA),53033022501
3FMTK4SX1P,King,Kirkland,WA,98033,2023,FORD,MUSTANG MACH-E,Battery Electric Vehicle (BEV),Eligibility unknown as battery range has not been researched,0,0,48,238058369,POINT (-122.2066 47.67887),PUGET SOUND ENERGY INC||CITY OF TACOMA - (WA),53033022603
WB523CF02R,,Seattle,WA,98109,2024,BMW,IX,Battery Electric Vehicle (BEV),Eligibility unknown as battery range has not been researched,0,0,43,264270569,POINT (-122.35022 47.63824),CITY OF SEATTLE - (WA)|CITY OF TACOMA - (WA),53033007303
7SAYGDEF1N,King,Bellevue,WA,98006,2022,TESLA,MODEL Y,Battery Electric Vehicle (BEV),Eligibility unknown as battery range has not been researched,0,0,41,208648926,POINT (-122.12096 47.55584),PUGET SOUND ENERGY INC||CITY OF TACOMA - (WA),53033024905
2C4RC1N70J,,Redmond,WA,98052,2018,CHRYSLER,PACIFICA,Plug-in Hybrid Electric Vehicle (PHEV),Clean Alternative Fuel Vehicle Eligible,33,0,45,111334100,POINT (-122.13158 47.67858),PUGET SOUND ENERGY INC||CITY OF TACOMA - (WA),53033032321
7PDSGABA6P,King,Bellevue,WA,98004,2023,RIVIAN,R1S,Battery Electric Vehicle (BEV),Eligibility unknown as battery range has not been researched,0,0,41,252239424,POINT (-122.1872 47.61001),PUGET SOUND ENERGY INC||CITY OF TACOMA - (WA),53033023801
7SAYGDEE7P,,Seattle,WA,98125,2023,TESLA,MODEL Y,Battery Electric Vehicle (BEV),Eligibility unknown as battery range has not been researched,0,0,46,238921532,POINT (-122.30253 47.72656),CITY OF SEATTLE - (WA)|CITY OF TACOMA - (WA),53033000601
5YJ3E1EC1L,,Tenino,WA,98589,2020,TESLA,MODEL 3,Battery Electric Vehicle (BEV),Clean Alternative Fuel Vehicle Eligible,308,0,20,145529842,POINT (-122.85135 46.85752),PUGET SOUND ENERGY INC,53067012620
1N4AZ0CP5E,,Brush Prairie,WA,98606,2014,NISSAN,LEAF,Battery Electric Vehicle (BEV),Clean Alternative Fuel Vehicle Eligible,84,0,17,268507515,POINT (-122.54578 45.73473),BONNEVILLE POWER ADMINISTRATION||PUD NO 1 OF CLARK COUNTY - (WA),53011040715
7FCTGAAA8N,,Seattle,WA,98177,2022,RIVIAN,R1T,Battery Electric Vehicle (BEV),Eligibility unknown as battery range has not been researched,0,0,32,230012443,POINT (-122.36498 47.72238),CITY OF SEATTLE - (WA)|CITY OF TACOMA - (WA),53033000500
1N4AZ1CP5K,,Bellevue,WA,98006,2019,NISSAN,LEAF,Battery Electric Vehicle (BEV),Clean Alternative Fuel Vehicle Eligible,150,0,41,156716857,POINT (-122.12096 47.55584),PUGET SOUND ENERGY INC||CITY OF TACOMA - (WA),53033024701
5YJYGDEE8L,Clark,Ridgefield,WA,98642,2020,TESLA,MODEL Y,Battery Electric Vehicle (BEV),Clean Alternative Fuel Vehicle Eligible,291,0,17,131603230,POINT (-122.74595 45.81539),BONNEVILLE POWER ADMINISTRATION||PUD NO 1 OF CLARK COUNTY - (WA),53011040412
7SAYGDEE3P,King,Bellevue,WA,98004,2023,TESLA,MODEL Y,Battery Electric Vehicle (BEV),Eligibility unknown as battery range has not been researched,0,0,48,253261648,POINT (-122.1872 47.61001),PUGET SOUND ENERGY INC||CITY OF TACOMA - (WA),53033024002
YV4BC0PM9H,King,Seattle,WA,98109,2017,VOLVO,XC90,Plug-in Hybrid Electric Vehicle (PHEV),Not eligible due to low battery range,14,0,36,144982309,POINT (-122.35022 47.63824),CITY OF SEATTLE - (WA)|CITY OF TACOMA - (WA),53033007002
W1NKM5GB8S,King,Bellevue,WA,98007,2025,MERCEDES-BENZ,GLC-CLASS,Plug-in Hybrid Electric Vehicle (PHEV),Clean Alternative Fuel Vehicle Eligible,54,0,48,277975708,POINT (-122.12056 47.61334),PUGET SOUND ENERGY INC||CITY OF TACOMA - (WA),53033023300
WB523CF03S,Clark,Vancouver,WA,98683,2025,BMW,IX,Battery Electric Vehicle (BEV),Eligibility unknown as battery range has not been researched,0,0,18,275000736,POINT (-122.49212 45.60365),BONNEVILLE POWER ADMINISTRATION||PUD NO 1 OF CLARK COUNTY - (WA),53011041329
WBY8P4C58K,King,Kirkland,WA,98033,2019,BMW,I3,Plug-in Hybrid Electric Vehicle (PHEV),Clean Alternative Fuel Vehicle Eligible,126,0,48,228106371,POINT (-122.2066 47.67887),PUGET SOUND ENERGY INC||CITY OF TACOMA - (WA),53033022502
5YJYGDEE6L,Clark,Vancouver,WA,98685,2020,TESLA,MODEL Y,Battery Electric Vehicle (BEV),Clean Alternative Fuel Vehicle Eligible,291,0,18,220139944,POINT (-122.70303 45.70954),BONNEVILLE POWER ADMINISTRATION||PUD NO 1 OF CLARK COUNTY - (WA),53011040907
5YJYGDEFXM,King,Newcastle,WA,98059,2021,TESLA,MODEL Y,Battery Electric Vehicle (BEV),Eligibility unknown as battery range has not been researched,0,0,41,180411850,POINT (-122.15734 47.48718),PUGET SOUND ENERGY INC||CITY OF TACOMA - (WA),53033025005
5YJSA1E57P,King,Kirkland,WA,98033,2023,TESLA,MODEL S,Battery Electric Vehicle (BEV),Eligibility unknown as battery range has not been researched,0,0,48,251201170,POINT (-122.2066 47.67887),PUGET SOUND ENERGY INC||CITY OF TACOMA - (WA),53033022501
1G1FX6S00H,King,Seattle,WA,98146,2017,CHEVROLET,BOLT EV,Battery Electric Vehicle (BEV),Clean Alternative Fuel Vehicle Eligible,238,0,34,214701812,POINT (-122.36178 47.49408),CITY OF SEATTLE - (WA)|CITY OF TACOMA - (WA),53033012000
1N4AZ1CP5K,King,Seattle,WA,98133,2019,NISSAN,LEAF,Battery Electric Vehicle (BEV),Clean Alternative Fuel Vehicle Eligible,150,0,32,233765374,POINT (-122.35029 47.71871),CITY OF SEATTLE - (WA)|CITY OF TACOMA - (WA),53033000402
7SAYGDEF8N,Thurston,Rochester,WA,98579,2022,TESLA,MODEL Y,Battery Electric Vehicle (BEV),Eligibility unknown as battery range has not been researched,0,0,20,261675060,POINT (-123.08743 46.82175),PUGET SOUND ENERGY INC,53067012730
KNDCC3LG3N,King,Seattle,WA,98125,2022,KIA,NIRO,Battery Electric Vehicle (BEV),Eligibility unknown as battery range has not been researched,0,0,46,253431538,POINT (-122.30253 47.72656),CITY OF SEATTLE - (WA)|CITY OF TACOMA - (WA),53033000601
5YJ3E1EB2P,Clark,Vancouver,WA,98685,2023,TESLA,MODEL 3,Battery Electric Vehicle (BEV),Eligibility unknown as battery range has not been researched,0,0,18,259871937,POINT (-122.70303 45.70954),BONNEVILLE POWER ADMINISTRATION||PUD NO 1 OF CLARK COUNTY - (WA),53011040909
1N4CZ1CV0S,King,Seattle,WA,98177,2025,NISSAN,LEAF,Battery Electric Vehicle (BEV),Eligibility unknown as battery range has not been researched,0,0,32,275699903,POINT (-122.36498 47.72238),CITY OF SEATTLE - (WA)|CITY OF TACOMA - (WA),53033000500
7SAYGAEE7P,King,Kent,WA,98030,2023,TESLA,MODEL Y,Battery Electric Vehicle (BEV),Eligibility unknown as battery range has not been researched,0,0,47,255504427,POINT (-122.19975 47.37483),PUGET SOUND ENERGY INC||CITY OF TACOMA - (WA),53033029507
WBY73AW09N,King,Newcastle,WA,98056,2022,BMW,I4,Battery Electric Vehicle (BEV),Eligibility unknown as battery range has not been researched,0,0,41,212314182,POINT (-122.1805 47.50006),PUGET SOUND ENERGY INC||CITY OF TACOMA - (WA),53033024703
5YJ3E1EC7M,Clark,Vancouver,WA,98662,2021,TESLA,MODEL 3,Battery Electric Vehicle (BEV),Eligibility unknown as battery range has not been researched,0,0,17,179085035,POINT (-122.57722 45.64251),BONNEVILLE POWER ADMINISTRATION||PUD NO 1 OF CLARK COUNTY - (WA),53011040806
JHMZC5F3XJ,King,Duvall,WA,98019,2018,HONDA,CLARITY,Plug-in Hybrid Electric Vehicle (PHEV),Clean Alternative Fuel Vehicle Eligible,47,0,45,348642115,POINT (-121.98609 47.74068),PUGET SOUND ENERGY INC||CITY OF TACOMA - (WA),53033032401
JN1BF0BA3P,Kitsap,Bainbridge Island,WA,98110,2023,NISSAN,ARIYA,Battery Electric Vehicle (BEV),Eligibility unknown as battery range has not been researched,0,0,23,251051370,POINT (-122.521 47.62728),PUGET SOUND ENERGY INC,53035090700
1GKB0RDC3R,King,Seattle,WA,98125,2024,GMC,HUMMER EV SUV,Battery Electric Vehicle (BEV),Eligibility unknown as battery range has not been researched,0,0,46,258387468,POINT (-122.30253 47.72656),CITY OF SEATTLE - (WA)|CITY OF TACOMA - (WA),53033001202
YV4ED3UL6P,King,Kirkland,WA,98034,2023,VOLVO,XC40,Battery Electric Vehicle (BEV),Eligibility unknown as battery range has not been researched,0,0,1,249718094,POINT (-122.22901 47.72201),PUGET SOUND ENERGY INC||CITY OF TACOMA - (WA),53033022204
1N4AZ1BV0P,King,Seattle,WA,98105,2023,NISSAN,LEAF,Battery Electric Vehicle (BEV),Eligibility unknown as battery range has not been researched,0,0,43,228389248,POINT (-122.31307 47.66127),CITY OF SEATTLE - (WA)|CITY OF TACOMA - (WA),53033004500
5YJ3E1EA0S,King,Seattle,WA,98133,2025,TESLA,MODEL 3,Battery Electric Vehicle (BEV),Eligibility unknown as battery range has not been researched,0,0,36,276598416,POINT (-122.35029 47.71871),CITY OF SEATTLE - (WA)|CITY OF TACOMA - (WA),53033001400
5YJSA1E52N,King,Bellevue,WA,98004,2022,TESLA,MODEL S,Battery Electric Vehicle (BEV),Eligibility unknown as battery range has not been researched,0,0,48,206994119,POINT (-122.1872 47.61001),PUGET SOUND ENERGY INC||CITY OF TACOMA - (WA),53033024001
7SAYGDEEXN,King,Kirkland,WA,98034,2022,TESLA,MODEL Y,Battery Electric Vehicle (BEV),Eligibility unknown as battery range has not been researched,0,0,45,220786457,POINT (-122.22901 47.72201),PUGET SOUND ENERGY INC||CITY OF TACOMA - (WA),53033022005
7FCTGAAA6N,King,Redmond,WA,98052,2022,RIVIAN,R1T,Battery Electric Vehicle (BEV),Eligibility unknown as battery range has not been researched,0,0,45,216683953,POINT (-122.13158 47.67858),PUGET SOUND ENERGY INC||CITY OF TACOMA - (WA),53033032323
1N4CZ1CV1P,King,Bellevue,WA,98007,2023,NISSAN,LEAF,Battery Electric Vehicle (BEV),Eligibility unknown as battery range has not been researched,0,0,48,221252636,POINT (-122.12056 47.61334),PUGET SOUND ENERGY INC||CITY OF TACOMA - (WA),53033022805
5YJSA1E29G,King,Bothell,WA,98011,2016,TESLA,MODEL S,Battery Electric Vehicle (BEV),Clean Alternative Fuel Vehicle Eligible,210,0,1,350359796,POINT (-122.20563 47.76144),PUGET SOUND ENERGY INC||CITY OF TACOMA - (WA),53033022001
KNDC3DLC4N,King,,WA,98092,2022,KIA,EV6,Battery Electric Vehicle (BEV),Eligibility unknown as battery range has not been researched,0,0,47,216801847,POINT (-122.1821 47.3199),PUGET SOUND ENERGY INC||CITY OF TACOMA - (WA),53033031207
1N4AZ0CP4D,King,,WA,98056,2013,NISSAN,LEAF,Battery Electric Vehicle (BEV),Clean Alternative Fuel Vehicle Eligible,75,0,41,110800959,POINT (-122.1805 47.50006),PUGET SOUND ENERGY INC||CITY OF TACOMA - (WA),53033025304
WB523CF00R,King,,WA,98033,2024,BMW,IX,Battery Electric Vehicle (BEV),Eligibility unknown as battery range has not been researched,0,0,45,258885476,POINT (-122.2066 47.67887),PUGET SOUND ENERGY INC||CITY OF TACOMA - (WA),53033022401
5UXTA6C00N,King,,WA,98004,2022,BMW,X5,Plug-in Hybrid Electric Vehicle (PHEV),Clean Alternative Fuel Vehicle Eligible,30,0,41,214782634,POINT (-122.1872 47.61001),PUGET SOUND ENERGY INC||CITY OF TACOMA - (WA),53033023901
YV4H60DM7R,Kitsap,Bainbridge Island,WA,98110,2024,VOLVO,XC60,Plug-in Hybrid Electric Vehicle (PHEV),Clean Alternative Fuel Vehicle Eligible,35,0,23,255483161,POINT (-122.521 47.62728),PUGET SOUND ENERGY INC,53035090800
1V2GNPE89P,King,,WA,98146,2023,VOLKSWAGEN,ID.4,Battery Electric Vehicle (BEV),Eligibility unknown as battery range has not been researched,0,0,34,225833751,POINT (-122.36178 47.49408),CITY OF SEATTLE - (WA)|CITY OF TACOMA - (WA),53033012000
7SAYGDEE0P,Kitsap,Kingston,WA,98346,2023,TESLA,MODEL Y,Battery Electric Vehicle (BEV),Eligibility unknown as battery range has not been researched,0,0,23,251078523,POINT (-122.4977 47.79802),PUGET SOUND ENERGY INC,53035090102
5YJ3E1EA6R,King,,WA,98030,2024,TESLA,MODEL 3,Battery Electric Vehicle (BEV),Eligibility unknown as battery range has not been researched,0,0,47,272863986,POINT (-122.19975 47.37483),PUGET SOUND ENERGY INC||CITY OF TACOMA - (WA),53033029504
5YJ3E1EA2P,King,,WA,98055,2023,TESLA,MODEL 3,Battery Electric Vehicle (BEV),Eligibility unknown as battery range has not been researched,0,0,11,233866335,POINT (-122.197 47.43876),PUGET SOUND ENERGY INC||CITY OF TACOMA - (WA),53033025805
7SAYGDEE9R,King,Bellevue,WA,98006,2024,TESLA,MODEL Y,Battery Electric Vehicle (BEV),Eligibility unknown as battery range has not been researched,0,0,41,269527324,POINT (-122.12096 47.55584),PUGET SOUND ENERGY INC||CITY OF TACOMA - (WA),53033024704
3FMTK3SU5R,King,,WA,98005,2024,FORD,MUSTANG MACH-E,Battery Electric Vehicle (BEV),Eligibility unknown as battery range has not been researched,0,0,41,266627077,POINT (-122.1621 47.64441),PUGET SOUND ENERGY INC||CITY OF TACOMA - (WA),53033023500
1G1RB6S54H,King,,WA,98052,2017,CHEVROLET,VOLT,Plug-in Hybrid Electric Vehicle (PHEV),Clean Alternative Fuel Vehicle Eligible,53,0,45,118709986,POINT (-122.13158 47.67858),PUGET SOUND ENERGY INC||CITY OF TACOMA - (WA),53033032321
KNDC34LAXP,King,,WA,98006,2023,KIA,EV6,Battery Electric Vehicle (BEV),Eligibility unknown as battery range has not been researched,0,0,41,261800570,POINT (-122.12096 47.55584),PUGET SOUND ENERGY INC||CITY OF TACOMA - (WA),53033024704
WA1AAAGE4M,King,,WA,98059,2021,AUDI,E-TRON,Battery Electric Vehicle (BEV),Clean Alternative Fuel Vehicle Eligible,222,0,41,148381264,POINT (-122.15734 47.48718),PUGET SOUND ENERGY INC||CITY OF TACOMA - (WA),53033025005
WVGUNPE28M,Clark,,WA,98685,2021,VOLKSWAGEN,ID.4,Battery Electric Vehicle (BEV),Eligibility unknown as battery range has not been researched,0,0,18,194643032,POINT (-122.70303 45.70954),BONNEVILLE POWER ADMINISTRATION||PUD NO 1 OF CLARK COUNTY - (WA),53011040907
5YJXCDE2XK,Yakima,,WA,98936,2019,TESLA,MODEL X,Battery Electric Vehicle (BEV),Clean Alternative Fuel Vehicle Eligible,289,0,15,274955327,POINT (-120.39197 46.55621),PACIFICORP,53077001702
1N4CZ1CV6R,Island,Coupeville,WA,98239,2024,NISSAN,LEAF,Battery Electric Vehicle (BEV),Eligibility unknown as battery range has not been researched,0,0,10,260103497,POINT (-122.68558 48.21857),PUGET SOUND ENERGY INC,53029971100
5YJ3E1EA4J,King,,WA,98005,2018,TESLA,MODEL 3,Battery Electric Vehicle (BEV),Clean Alternative Fuel Vehicle Eligible,215,0,41,474042789,POINT (-122.1621 47.64441),PUGET SOUND ENERGY INC||CITY OF TACOMA - (WA),53033023604
YV4H60DM2R,King,,WA,98034,2024,VOLVO,XC60,Plug-in Hybrid Electric Vehicle (PHEV),Clean Alternative Fuel Vehicle Eligible,35,0,1,264651327,POINT (-122.22901 47.72201),PUGET SOUND ENERGY INC||CITY OF TACOMA - (WA),53033022300
1G1FW6S03J,Thurston,,WA,98501,2018,CHEVROLET,BOLT EV,Battery Electric Vehicle (BEV),Clean Alternative Fuel Vehicle Eligible,238,0,22,104911474,POINT (-122.89166 47.03956),PUGET SOUND ENERGY INC,53067010100
5YJ3E1EB4J,Kitsap,,WA,98346,2018,TESLA,MODEL 3,Battery Electric Vehicle (BEV),Clean Alternative Fuel Vehicle Eligible,215,0,23,142900684,POINT (-122.4977 47.79802),PUGET SOUND ENERGY INC,53035090102
7SAYGDEE1P,King,,WA,98006,2023,TESLA,MODEL Y,Battery Electric Vehicle (BEV),Eligibility unknown as battery range has not been researched,0,0,41,259596613,POINT (-122.12096 47.55584),PUGET SOUND ENERGY INC||CITY OF TACOMA - (WA),53033024800
2C4RC1N74L,King,,WA,98122,2020,CHRYSLER,PACIFICA,Plug-in Hybrid Electric Vehicle (PHEV),Clean Alternative Fuel Vehicle Eligible,32,0,37,9985580,POINT (-122.31009 47.60803),CITY OF SEATTLE - (WA)|CITY OF TACOMA - (WA),53033007800
YSMFD3KA0R,King,,WA,98033,2024,POLESTAR,PS2,Battery Electric Vehicle (BEV),Eligibility unknown as battery range has not been researched,0,0,45,267144776,POINT (-122.2066 47.67887),PUGET SOUND ENERGY INC||CITY OF TACOMA - (WA),53033022006
KNDPZDDH4R,King,Newcastle,WA,98056,2024,KIA,SPORTAGE,Plug-in Hybrid Electric Vehicle (PHEV),Clean Alternative Fuel Vehicle Eligible,34,0,41,268405133,POINT (-122.1805 47.50006),PUGET SOUND ENERGY INC||CITY OF TACOMA - (WA),53033024703
5YJ3E1EB1N,Thurston,,WA,98597,2022,TESLA,MODEL 3,Battery Electric Vehicle (BEV),Eligibility unknown as battery range has not been researched,0,0,2,230165449,POINT (-122.60735 46.94239),PUGET SOUND ENERGY INC,53067012532
WBAJB1C54J,Kitsap,,WA,98312,2018,BMW,530E,Plug-in Hybrid Electric Vehicle (PHEV),Not eligible due to low battery range,14,54950,35,310689375,POINT (-122.6563 47.56739),PUGET SOUND ENERGY INC,53035091301
WBA33AG0XM,King,,WA,98092,2021,BMW,530E,Plug-in Hybrid Electric Vehicle (PHEV),Not eligible due to low battery range,18,0,47,157615804,POINT (-122.1821 47.3199),PUGET SOUND ENERGY INC||CITY OF TACOMA - (WA),53033029602
JTDKN3DP5C,Thurston,,WA,98503,2012,TOYOTA,PRIUS PLUG-IN,Plug-in Hybrid Electric Vehicle (PHEV),Not eligible due to low battery range,6,0,22,265676533,POINT (-122.82324 47.04437),PUGET SOUND ENERGY INC,53067011200
7SAYGDEE8P,King,,WA,98006,2023,TESLA,MODEL Y,Battery Electric Vehicle (BEV),Eligibility unknown as battery range has not been researched,0,0,41,240234592,POINT (-122.12096 47.55584),PUGET SOUND ENERGY INC||CITY OF TACOMA - (WA),53033024904
7SAYGDEE1P,King,,WA,98074,2023,TESLA,MODEL Y,Battery Electric Vehicle (BEV),Eligibility unknown as battery range has not been researched,0,0,45,241749448,POINT (-122.02054 47.60326),PUGET SOUND ENERGY INC||CITY OF TACOMA - (WA),53033032217
7PDSGABLXR,King,,WA,98034,2024,RIVIAN,R1S,Battery Electric Vehicle (BEV),Eligibility unknown as battery range has not been researched,0,0,45,270166480,POINT (-122.22901 47.72201),PUGET SOUND ENERGY INC||CITY OF TACOMA - (WA),53033022005
KM8HC3A60R,Snohomish,Monroe,WA,98272,2024,HYUNDAI,KONA ELECTRIC,Battery Electric Vehicle (BEV),Eligibility unknown as battery range has not been researched,0,0,39,270959811,POINT (-121.98087 47.8526),PUGET SOUND ENERGY INC,53061052207
7SAYGDEE6P,King,,WA,98052,2023,TESLA,MODEL Y,Battery Electric Vehicle (BEV),Eligibility unknown as battery range has not been researched,0,0,48,245673816,POINT (-122.13158 47.67858),PUGET SOUND ENERGY INC||CITY OF TACOMA - (WA),53033022902
WMZ53GA09S,King,,WA,98004,2025,MINI,COUNTRYMAN,Battery Electric Vehicle (BEV),Eligibility unknown as battery range has not been researched,0,0,41,274812947,POINT (-122.1872 47.61001),PUGET SOUND ENERGY INC||CITY OF TACOMA - (WA),53033023902
WP0BA2Y19N,King,,WA,98052,2022,PORSCHE,TAYCAN,Battery Electric Vehicle (BEV),Eligibility unknown as battery range has not been researched,0,0,45,214745604,POINT (-122.13158 47.67858),PUGET SOUND ENERGY INC||CITY OF TACOMA - (WA),53033032321
JTMABACA0P,King,,WA,98125,2023,TOYOTA,BZ4X,Battery Electric Vehicle (BEV),Eligibility unknown as battery range has not been researched,0,0,46,265027542,POINT (-122.30253 47.72656),CITY OF SEATTLE - (WA)|CITY OF TACOMA - (WA),53033000900
5YJ3E1EA0L,King,,WA,98106,2020,TESLA,MODEL 3,Battery Electric Vehicle (BEV),Clean Alternative Fuel Vehicle Eligible,266,0,34,112004756,POINT (-122.35163 47.54287),CITY OF SEATTLE - (WA)|CITY OF TACOMA - (WA),53033011300
5YJ3E1EA1P,Snohomish,,WA,98258,2023,TESLA,MODEL 3,Battery Electric Vehicle (BEV),Eligibility unknown as battery range has not been researched,0,0,44,268127394,POINT (-122.06402 48.01497),PUGET SOUND ENERGY INC,53061052707
1FT6W3L73R,King,,WA,98011,2024,FORD,F-150,Battery Electric Vehicle (BEV),Eligibility unknown as battery range has not been researched,0,0,1,272637060,POINT (-122.20563 47.76144),PUGET SOUND ENERGY INC||CITY OF TACOMA - (WA),53033022001
7SAYGDEE4P,Clark,Vancouver,WA,98682,2023,TESLA,MODEL Y,Battery Electric Vehicle (BEV),Eligibility unknown as battery range has not been researched,0,0,17,262343119,POINT (-122.55149 45.69345),BONNEVILLE POWER ADMINISTRATION||PUD NO 1 OF CLARK COUNTY - (WA),53011041331
1C4JJXP67M,King,,WA,98188,2021,JEEP,WRANGLER,Plug-in Hybrid Electric Vehicle (PHEV),Not eligible due to low battery range,25,0,33,190301121,POINT (-122.29179 47.43473),PUGET SOUND ENERGY INC||CITY OF TACOMA - (WA),53033028100
WBY83FB06R,King,,WA,98125,2024,BMW,I4,Battery Electric Vehicle (BEV),Eligibility unknown as battery range has not been researched,0,0,46,267541935,POINT (-122.30253 47.72656),CITY OF SEATTLE - (WA)|CITY OF TACOMA - (WA),53033002200
5UXTA6C01N,King,,WA,98004,2022,BMW,X5,Plug-in Hybrid Electric Vehicle (PHEV),Clean Alternative Fuel Vehicle Eligible,30,0,48,193821155,POINT (-122.1872 47.61001),PUGET SOUND ENERGY INC||CITY OF TACOMA - (WA),53033024001
WVGRMPE24M,Clark,,WA,98682,2021,VOLKSWAGEN,ID.4,Battery Electric Vehicle (BEV),Eligibility unknown as battery range has not been researched,0,0,17,268171312,POINT (-122.55149 45.69345),BONNEVILLE POWER ADMINISTRATION||PUD NO 1 OF CLARK COUNTY - (WA),53011040713
JTMFB3FV5M,King,,WA,98146,2021,TOYOTA,RAV4 PRIME,Plug-in Hybrid Electric Vehicle (PHEV),Clean Alternative Fuel Vehicle Eligible,42,0,34,183491745,POINT (-122.36178 47.49408),CITY OF SEATTLE - (WA)|CITY OF TACOMA - (WA),53033012000
7YAKRDDC5S,King,,WA,98125,2025,HYUNDAI,IONIQ 5,Battery Electric Vehicle (BEV),Eligibility unknown as battery range has not been researched,0,0,46,279949862,POINT (-122.30253 47.72656),CITY OF SEATTLE - (WA)|CITY OF TACOMA - (WA),53033000601
1G1FY6S05K,King,,WA,98198,2019,CHEVROLET,BOLT EV,Battery Electric Vehicle (BEV),Clean Alternative Fuel Vehicle Eligible,238,0,33,131543674,POINT (-122.32192 47.40139),PUGET SOUND ENERGY INC||CITY OF TACOMA - (WA),53033029001
2C4RC1S78M,Kitsap,,WA,98367,2021,CHRYSLER,PACIFICA,Plug-in Hybrid Electric Vehicle (PHEV),Clean Alternative Fuel Vehicle Eligible,32,0,26,148510610,POINT (-122.68516 47.50645),PUGET SOUND ENERGY INC,53035092902
KNDC4DLC5R,King,,WA,98059,2024,KIA,EV6,Battery Electric Vehicle (BEV),Eligibility unknown as battery range has not been researched,0,0,11,269354557,POINT (-122.15734 47.48718),PUGET SOUND ENERGY INC||CITY OF TACOMA - (WA),53033031913
WBY43HD0XS,King,Seattle,WA,98109,2025,BMW,I4,Battery Electric Vehicle (BEV),Eligibility unknown as battery range has not been researched,0,0,43,274831490,POINT (-122.35022 47.63824),CITY OF SEATTLE - (WA)|CITY OF TACOMA - (WA),53033007301
1V2CMPE83P,King,Bellevue,WA,98006,2023,VOLKSWAGEN,ID.4,Battery Electric Vehicle (BEV),Eligibility unknown as battery range has not been researched,0,0,41,255202559,POINT (-122.12096 47.55584),PUGET SOUND ENERGY INC||CITY OF TACOMA - (WA),53033024905
5YJ3E1EB1N,Yakima,Yakima,WA,98908,2022,TESLA,MODEL 3,Battery Electric Vehicle (BEV),Eligibility unknown as battery range has not been researched,0,0,14,,POINT (-120.60272 46.59656),PACIFICORP,53077000904
1N4BZ1BV1M,King,Seattle,WA,98115,2021,NISSAN,LEAF,Battery Electric Vehicle (BEV),Eligibility unknown as battery range has not been researched,0,0,46,,POINT (-122.31676 47.68156),CITY OF SEATTLE - (WA)|CITY OF TACOMA - (WA),53033002000
1G1FY6S07P,King,Seattle,WA,98125,2023,CHEVROLET,BOLT EUV,Battery Electric Vehicle (BEV),Eligibility unknown as battery range has not been researched,0,0,46,,POINT (-122.30253 47.72656),CITY OF SEATTLE - (WA)|CITY OF TACOMA - (WA),53033000202
5YJYGDEE1M,King,Bellevue,WA,98006,2021,TESLA,MODEL Y,Battery Electric Vehicle (BEV),Eligibility unknown as battery range has not been researched,0,0,41,150398671,POINT (-122.12096 47.55584),PUGET SOUND ENERGY INC||CITY OF TACOMA - (WA),53033024704
7SAYGDEE6P,Snohomish,Mill Creek,WA,98012,2023,TESLA,MODEL Y,Battery Electric Vehicle (BEV),Eligibility unknown as battery range has not been researched,0,0,44,,POINT (-122.21061 47.83448),PUGET SOUND ENERGY INC,53061052008
7SAYGAEE2R,Kitsap,Bainbridge Island,WA,98110,2024,TESLA,MODEL Y,Battery Electric Vehicle (BEV),Eligibility unknown as battery range has not been researched,0,0,23,269683802,POINT (-122.521 47.62728),PUGET SOUND ENERGY INC,53035090700
5YJYGDEE1L,King,Bellevue,WA,98004,2020,TESLA,MODEL Y,Battery Electric Vehicle (BEV),Clean Alternative Fuel Vehicle Eligible,291,0,41,,POINT (-122.1872 47.61001),PUGET SOUND ENERGY INC||CITY OF TACOMA - (WA),53033023801
7PDSGABA2P,Clark,Vancouver,WA,98685,2023,RIVIAN,R1S,Battery Electric Vehicle (BEV),Eligibility unknown as battery range has not been researched,0,0,18,,POINT (-122.70303 45.70954),BONNEVILLE POWER ADMINISTRATION||PUD NO 1 OF CLARK COUNTY - (WA),53011040907
5YJ3E1EB4N,King,Newcastle,WA,98056,2022,TESLA,MODEL 3,Battery Electric Vehicle (BEV),Eligibility unknown as battery range has not been researched,0,0,41,,POINT (-122.1805 47.50006),PUGET SOUND ENERGY INC||CITY OF TACOMA - (WA),53033024703
KMHM54ACXR,King,Kirkland,WA,98034,2024,HYUNDAI,IONIQ 6,Battery Electric Vehicle (BEV),Eligibility unknown as battery range has not been researched,0,0,1,,POINT (-122.22901 47.72201),PUGET SOUND ENERGY INC||CITY OF TACOMA - (WA),53033022300
JTMAB3FV1R,King,Seattle,WA,98177,2024,TOYOTA,RAV4 PRIME,Plug-in Hybrid Electric Vehicle (PHEV),Clean Alternative Fuel Vehicle Eligible,42,0,32,,POINT (-122.36498 47.72238),CITY OF SEATTLE - (WA)|CITY OF TACOMA - (WA),53033000500
1G1RA6E48D,Cowlitz,Kelso,WA,98626,2013,CHEVROLET,,Plug-in Hybrid Electric Vehicle (PHEV),Clean Alternative Fuel Vehicle Eligible,38,0,19,,POINT (-122.89867 46.14424),BONNEVILLE POWER ADMINISTRATION||PUD NO 1 OF COWLITZ COUNTY,53015000901
1N4AZ0CP1G,King,Seattle,WA,98133,2016,NISSAN,,Battery Electric Vehicle (BEV),Clean Alternative Fuel Vehicle Eligible,84,0,32,165377243,POINT (-122.35029 47.71871),CITY OF SEATTLE - (WA)|CITY OF TACOMA - (WA),53033000403
5YJ3E1EA9P,Cowlitz,Kelso,WA,98626,2023,TESLA,MODEL 3,Battery Electric Vehicle (BEV),Eligibility unknown as battery range has not been researched,0,0,20,,POINT (-122.89867 46.14424),BONNEVILLE POWER ADMINISTRATION||PUD NO 1 OF COWLITZ COUNTY,53015001700
1G1RD6E4XF,King,Kirkland,WA,98034,2015,CHEVROLET,,Plug-in Hybrid Electric Vehicle (PHEV),Clean Alternative Fuel Vehicle Eligible,38,0,1,,POINT (-122.22901 47.72201),PUGET SOUND ENERGY INC||CITY OF TACOMA - (WA),53033022300
7G2CEHED2R,King,Kirkland,WA,98034,2024,TESLA,,Battery Electric Vehicle (BEV),Eligibility unknown as battery range has not been researched,0,0,45,,POINT (-122.22901 47.72201),PUGET SOUND ENERGY INC||CITY OF TACOMA - (WA),53033022005
SADHM2S10R,King,Bellevue,WA,98005,2024,JAGUAR,I-PACE,Battery Electric Vehicle (BEV),Eligibility unknown as battery range has not been researched,0,0,48,,POINT (-122.1621 47.64441),PUGET SOUND ENERGY INC||CITY OF TACOMA - (WA),53033023702
7SAYGDEEXP,King,Seattle,WA,98125,2023,TESLA,,Battery Electric Vehicle (BEV),Eligibility unknown as battery range has not been researched,0,0,46,244341646,POINT (-122.30253 47.72656),CITY OF SEATTLE - (WA)|CITY OF TACOMA - (WA),53033000102
7SAYGAEE4R,King,Bothell,WA,98011,2024,TESLA,,Battery Electric Vehicle (BEV),Eligibility unknown as battery range has not been researched,0,0,1,,POINT (-122.20563 47.76144),PUGET SOUND ENERGY INC||CITY OF TACOMA - (WA),53033021905
1G1RC6S52J,Clark,Vancouver,WA,98660,2018,CHEVROLET,VOLT,Plug-in Hybrid Electric Vehicle (PHEV),Clean Alternative Fuel Vehicle Eligible,53,0,49,,POINT (-122.67156 45.63248),BONNEVILLE POWER ADMINISTRATION||PUD NO 1 OF CLARK COUNTY - (WA),53011042100
5YJ3E1EA8K,Clark,Vancouver,WA,98682,2019,TESLA,,Battery Electric Vehicle (BEV),Clean Alternative Fuel Vehicle Eligible,220,0,17,,POINT (-122.55149 45.69345),BONNEVILLE POWER ADMINISTRATION||PUD NO 1 OF CLARK COUNTY - (WA),53011040713
1G1RB6S59H,King,Redmond,WA,98052,2017,CHEVROLET,,Plug-in Hybrid Electric Vehicle (PHEV),Clean Alternative Fuel Vehicle Eligible,53,0,45,,POINT (-122.13158 47.67858),PUGET SOUND ENERGY INC||CITY OF TACOMA - (WA),53033032324
7SAYGDEF1N,King,Seattle,WA,98144,2022,TESLA,,Battery Electric Vehicle (BEV),Eligibility unknown as battery range has not been researched,0,0,37,,POINT (-122.30866 47.57874),CITY OF SEATTLE - (WA)|CITY OF TACOMA - (WA),53033009400
KNDC3DLC9N,King,Woodinville,WA,98072,2022,KIA,EV6,Battery Electric Vehicle (BEV),Eligibility unknown as battery range has not been researched,0,0,45,,POINT (-122.15545 47.75448),PUGET SOUND ENERGY INC||CITY OF TACOMA - (WA),53033021906
1C4RJYC64N,King,Tukwila,WA,98188,2022,JEEP,,Plug-in Hybrid Electric Vehicle (PHEV),Not eligible due to low battery range,25,0,11,,POINT (-122.29179 47.43473),PUGET SOUND ENERGY INC||CITY OF TACOMA - (WA),53033026200
7SAYGDEEXP,King,Kent,WA,98031,2023,TESLA,,Battery Electric Vehicle (BEV),Eligibility unknown as battery range has not been researched,0,0,47,236001160,POINT (-122.17743 47.41185),PUGET SOUND ENERGY INC||CITY OF TACOMA - (WA),53033029408
5UXTA6C09P,Clark,Vancouver,WA,98684,2023,BMW,,Plug-in Hybrid Electric Vehicle (PHEV),Clean Alternative Fuel Vehicle Eligible,30,0,17,220634627,POINT (-122.48723 45.63701),BONNEVILLE POWER ADMINISTRATION||PUD NO 1 OF CLARK COUNTY - (WA),53011041337
JTMABACA9R,Clark,Brush Prairie,WA,98606,2024,TOYOTA,,Battery Electric Vehicle (BEV),Eligibility unknown as battery range has not been researched,0,0,17,,POINT (-122.54578 45.73473),BONNEVILLE POWER ADMINISTRATION||PUD NO 1 OF CLARK COUNTY - (WA),53011040715
5YJYGDEE8M,King,Kirkland,WA,98033,2021,TESLA,,Battery Electric Vehicle (BEV),Eligibility unknown as battery range has not been researched,0,0,48,202854704,POINT (-122.2066 47.67887),PUGET SOUND ENERGY INC||CITY OF TACOMA - (WA),53033022604
KMHC65LD4L,King,Renton,WA,98057,2020,HYUNDAI,,Plug-in Hybrid Electric Vehicle (PHEV),Not eligible due to low battery range,29,0,37,,POINT (-122.20489 47.47532),PUGET SOUND ENERGY INC||CITY OF TACOMA - (WA),53033026003
7SAYGDEE0P,Cowlitz,Kelso,WA,98626,2023,TESLA,,Battery Electric Vehicle (BEV),Eligibility unknown as battery range has not been researched,0,0,19,,POINT (-122.89867 46.14424),BONNEVILLE POWER ADMINISTRATION||PUD NO 1 OF COWLITZ COUNTY,53015001200
1V2GNPE86P,King,Sammamish,WA,98074,2023,VOLKSWAGEN,ID.4,Battery Electric Vehicle (BEV),Eligibility unknown as battery range has not been researched,0,0,45,,POINT (-122.02054 47.60326),PUGET SOUND ENERGY INC||CITY OF TACOMA - (WA),53033032316
5UXTS1C00M,King,Bellevue,WA,98004,2021,BMW,,Plug-in Hybrid Electric Vehicle (PHEV),Not eligible due to low battery range,17,0,41,,POINT (-122.1872 47.61001),PUGET SOUND ENERGY INC||CITY OF TACOMA - (WA),53033023902
1V2WNPE86P,King,North Bend,WA,98045,2023,VOLKSWAGEN,ID.4,Battery Electric Vehicle (BEV),Eligibility unknown as battery range has not been researched,0,0,5,254701282,POINT (-121.7831 47.49348),PUGET SOUND ENERGY INC||CITY OF TACOMA - (WA),53033032705
5YJSA1DN3C,King,Seattle,WA,98177,2012,TESLA,,Battery Electric Vehicle (BEV),Clean Alternative Fuel Vehicle Eligible,265,59900,32,,POINT (-122.36498 47.72238),CITY OF SEATTLE - (WA)|CITY OF TACOMA - (WA),53033000500
7SAYGDEE1S,Snohomish,Everett,WA,98208,2025,TESLA,,Battery Electric Vehicle (BEV),Eligibility unknown as battery range has not been researched,0,0,44,,POINT (-122.18637 47.89251),PUGET SOUND ENERGY INC,53061041610
5YJSA1H1XE,King,Newcastle,WA,98059,2014,TESLA,,Battery Electric Vehicle (BEV),Clean Alternative Fuel Vehicle Eligible,208,69900,41,,POINT (-122.15734 47.48718),PUGET SOUND ENERGY INC||CITY OF TACOMA - (WA),53033025005
5YJ3E1EA9L,King,Bothell,WA,98011,2020,TESLA,,Battery Electric Vehicle (BEV),Clean Alternative Fuel Vehicle Eligible,266,0,1,,POINT (-122.20563 47.76144),PUGET SOUND ENERGY INC||CITY OF TACOMA - (WA),53033021804
5YJSA1E50M,King,Kent,WA,98030,2021,TESLA,,Battery Electric Vehicle (BEV),Eligibility unknown as battery range has not been researched,0,0,33,,POINT (-122.19975 47.37483),PUGET SOUND ENERGY INC||CITY OF TACOMA - (WA),53033029701
WAUTPBFF8H,King,Woodinville,WA,98072,2017,AUDI,,Plug-in Hybrid Electric Vehicle (PHEV),Not eligible due to low battery range,16,0,45,,POINT (-122.15545 47.75448),PUGET SOUND ENERGY INC||CITY OF TACOMA - (WA),53033021802
5YJ3E1EA6J,Island,Coupeville,WA,98239,2018,TESLA,,Battery Electric Vehicle (BEV),Clean Alternative Fuel Vehicle Eligible,215,0,10,,POINT (-122.68558 48.21857),PUGET SOUND ENERGY INC,53029971100
3C3CFFGE6G,King,Bellevue,WA,98005,2016,FIAT,500,Battery Electric Vehicle (BEV),Clean Alternative Fuel Vehicle Eligible,84,0,41,114616393,POINT (-122.1621 47.64441),PUGET SOUND ENERGY INC||CITY OF TACOMA - (WA),53033023500
5YJSA1E56R,King,Seattle,WA,98107,2024,TESLA,,Battery Electric Vehicle (BEV),Eligibility unknown as battery range has not been researched,0,0,43,,POINT (-122.38591 47.67597),CITY OF SEATTLE - (WA)|CITY OF TACOMA - (WA),53033004800
YV4ED3UM7P,Clark,Ridgefield,WA,98642,2023,VOLVO,,Battery Electric Vehicle (BEV),Eligibility unknown as battery range has not been researched,0,0,17,,POINT (-122.74595 45.81539),BONNEVILLE POWER ADMINISTRATION||PUD NO 1 OF CLARK COUNTY - (WA),53011040412
7SAYGDEE3P,King,Kent,WA,98031,2023,TESLA,,Battery Electric Vehicle (BEV),Eligibility unknown as battery range has not been researched,0,0,11,,POINT (-122.17743 47.41185),PUGET SOUND ENERGY INC||CITY OF TACOMA - (WA),53033029306
5YJSA1E25H,King,Bellevue,WA,98006,2017,TESLA,,Battery Electric Vehicle (BEV),Clean Alternative Fuel Vehicle Eligible,210,0,41,,POINT (-122.12096 47.55584),PUGET SOUND ENERGY INC||CITY OF TACOMA - (WA),53033024901
YV4ED3UM3P,King,Burien,WA,98146,2023,VOLVO,XC40,Battery Electric Vehicle (BEV),Eligibility unknown as battery range has not been researched,0,0,34,,POINT (-122.36178 47.49408),CITY OF SEATTLE - (WA)|CITY OF TACOMA - (WA),53033026700
KNDRJDLHXN,Clark,Vancouver,WA,98686,2022,KIA,,Plug-in Hybrid Electric Vehicle (PHEV),Clean Alternative Fuel Vehicle Eligible,32,0,49,,POINT (-122.62731 45.71668),BONNEVILLE POWER ADMINISTRATION||PUD NO 1 OF CLARK COUNTY - (WA),53011040803
5YJ3E1EB9R,King,Redmond,WA,98052,2024,TESLA,,Battery Electric Vehicle (BEV),Eligibility unknown as battery range has not been researched,0,0,45,,POINT (-122.13158 47.67858),PUGET SOUND ENERGY INC||CITY OF TACOMA - (WA),53033032321
7SAYGDEE9P,King,Kent,WA,98030,2023,TESLA,MODEL Y,Battery Electric Vehicle (BEV),Eligibility unknown as battery range has not been researched,0,0,47,251901240,POINT (-122.19975 47.37483),PUGET SOUND ENERGY INC||CITY OF TACOMA - (WA),53033029604
WVGTMPE28N,King,Bellevue,WA,98007,2022,VOLKSWAGEN,ID.4,Battery Electric Vehicle (BEV),Eligibility unknown as battery range has not been researched,0,0,48,,POINT (-122.12056 47.61334),PUGET SOUND ENERGY INC||CITY OF TACOMA - (WA),53033023201
JTDKARFP4L,King,Bellevue,WA,98007,2020,TOYOTA,PRIUS PRIME,Plug-in Hybrid Electric Vehicle (PHEV),Not eligible due to low battery range,25,0,41,,POINT (-122.12056 47.61334),PUGET SOUND ENERGY INC||CITY OF TACOMA - (WA),53033023604
1N4AZ1CP2J,King,Auburn,WA,98092,2018,NISSAN,LEAF,Battery Electric Vehicle (BEV),Clean Alternative Fuel Vehicle Eligible,151,0,47,,POINT (-122.1821 47.3199),PUGET SOUND ENERGY INC||CITY OF TACOMA - (WA),53033031206
1N4CZ1CV4P,Kitsap,Bainbridge Island,WA,98110,2023,NISSAN,LEAF,Battery Electric Vehicle (BEV),Eligibility unknown as battery range has not been researched,0,0,23,,POINT (-122.521 47.62728),PUGET SOUND ENERGY INC,53035090800
7SAYGDEEXN,King,Kirkland,WA,98034,2022,TESLA,MODEL Y,Battery Electric Vehicle (BEV),Eligibility unknown as battery range has not been researched,0,0,45,,POINT (-122.22901 47.72201),PUGET SOUND ENERGY INC||CITY OF TACOMA - (WA),53033022006
7SAYGAEE3S,King,Bellevue,WA,98004,2025,TESLA,MODEL Y,Battery Electric Vehicle (BEV),Eligibility unknown as battery range has not been researched,0,0,48,,POINT (-122.1872 47.61001),PUGET SOUND ENERGY INC||CITY OF TACOMA - (WA),53033023806
5YJ3E1EA7J,King,Seattle,WA,98112,2018,TESLA,MODEL 3,Battery Electric Vehicle (BEV),Clean Alternative Fuel Vehicle Eligible,215,0,43,,POINT (-122.30207 47.64085),CITY OF SEATTLE - (WA)|CITY OF TACOMA - (WA),53033006400
5YJ3E1EB7P,King,Seattle,WA,98102,2023,TESLA,MODEL 3,Battery Electric Vehicle (BEV),Eligibility unknown as battery range has not been researched,0,0,43,,POINT (-122.32427 47.63433),CITY OF SEATTLE - (WA)|CITY OF TACOMA - (WA),53033006600
5YJSA1E6XR,King,Kirkland,WA,98034,2024,TESLA,MODEL S,Battery Electric Vehicle (BEV),Eligibility unknown as battery range has not been researched,0,0,45,,POINT (-122.22901 47.72201),PUGET SOUND ENERGY INC||CITY OF TACOMA - (WA),53033021905
5YJ3E1EA7P,King,Tukwila,WA,98178,2023,TESLA,MODEL 3,Battery Electric Vehicle (BEV),Eligibility unknown as battery range has not been researched,0,0,11,,POINT (-122.23825 47.49461),CITY OF SEATTLE - (WA)|CITY OF TACOMA - (WA),53033026300
5YJSA1E56N,King,Seattle,WA,98178,2022,TESLA,MODEL S,Battery Electric Vehicle (BEV),Eligibility unknown as battery range has not been researched,0,0,37,,POINT (-122.23825 47.49461),PUGET SOUND ENERGY INC||CITY OF TACOMA - (WA),53033011902
1N4AZ0CP2E,King,Seattle,WA,98177,2014,NISSAN,LEAF,Battery Electric Vehicle (BEV),Clean Alternative Fuel Vehicle Eligible,84,0,36,,POINT (-122.36498 47.72238),CITY OF SEATTLE - (WA)|CITY OF TACOMA - (WA),53033001400
5YJ3E1EB6N,King,Bellevue,WA,98006,2022,TESLA,MODEL 3,Battery Electric Vehicle (BEV),Eligibility unknown as battery range has not been researched,0,0,41,203076947,POINT (-122.12096 47.55584),PUGET SOUND ENERGY INC||CITY OF TACOMA - (WA),53033024904
KNDC3DLC8P,King,Mercer Island,WA,98040,2023,KIA,EV6,Battery Electric Vehicle (BEV),Eligibility unknown as battery range has not been researched,0,0,41,,POINT (-122.21238 47.57816),PUGET SOUND ENERGY INC||CITY OF TACOMA - (WA),53033024500
5YJ3E1EB3J,King,Kirkland,WA,98033,2018,TESLA,MODEL 3,Battery Electric Vehicle (BEV),Clean Alternative Fuel Vehicle Eligible,215,0,45,,POINT (-122.2066 47.67887),PUGET SOUND ENERGY INC||CITY OF TACOMA - (WA),53033022401
1G1RC6S58H,King,Seattle,WA,98134,2017,CHEVROLET,VOLT,Plug-in Hybrid Electric Vehicle (PHEV),Clean Alternative Fuel Vehicle Eligible,53,0,37,,POINT (-122.32741 47.58616),CITY OF SEATTLE - (WA)|CITY OF TACOMA - (WA),53033009300
7SAYGDEE2R,King,Bellevue,WA,98004,2024,TESLA,MODEL Y,Battery Electric Vehicle (BEV),Eligibility unknown as battery range has not been researched,0,0,48,,POINT (-122.1872 47.61001),PUGET SOUND ENERGY INC||CITY OF TACOMA - (WA),53033023806
5YJ3E1EA7K,Clark,Vancouver,WA,98682,2019,TESLA,MODEL 3,Battery Electric Vehicle (BEV),Clean Alternative Fuel Vehicle Eligible,220,0,17,148023501,POINT (-122.55149 45.69345),BONNEVILLE POWER ADMINISTRATION||PUD NO 1 OF CLARK COUNTY - (WA),53011041312
7SAYGAEE3N,King,Sammamish,WA,98075,2022,TESLA,MODEL Y,Battery Electric Vehicle (BEV),Eligibility unknown as battery range has not been researched,0,0,41,,POINT (-122.03539 47.61344),PUGET SOUND ENERGY INC||CITY OF TACOMA - (WA),53033032224
5YJSA1H21E,King,Redmond,WA,98052,2014,TESLA,MODEL S,Battery Electric Vehicle (BEV),Clean Alternative Fuel Vehicle Eligible,208,69900,48,,POINT (-122.13158 47.67858),PUGET SOUND ENERGY INC||CITY OF TACOMA - (WA),53033022606
7SAYGDEE4P,King,Kent,WA,98031,2023,TESLA,MODEL Y,Battery Electric Vehicle (BEV),Eligibility unknown as battery range has not been researched,0,0,11,244238928,POINT (-122.17743 47.41185),PUGET SOUND ENERGY INC||CITY OF TACOMA - (WA),53033029306
1V2WNPE89P,King,Kirkland,WA,98034,2023,VOLKSWAGEN,ID.4,Battery Electric Vehicle (BEV),Eligibility unknown as battery range has not been researched,0,0,1,,POINT (-122.22901 47.72201),PUGET SOUND ENERGY INC||CITY OF TACOMA - (WA),53033022101
1G1RA6S5XH,King,Kirkland,WA,98033,2017,CHEVROLET,VOLT,Plug-in Hybrid Electric Vehicle (PHEV),Clean Alternative Fuel Vehicle Eligible,53,0,48,,POINT (-122.2066 47.67887),PUGET SOUND ENERGY INC||CITY OF TACOMA - (WA),53033022703
JTDKARFP8K,Clark,Vancouver,WA,98664,2019,TOYOTA,PRIUS PRIME,Plug-in Hybrid Electric Vehicle (PHEV),Not eligible due to low battery range,25,0,49,,POINT (-122.59219 45.62158),BONNEVILLE POWER ADMINISTRATION||PUD NO 1 OF CLARK COUNTY - (WA),53011041205
7SAYGDEE6P,King,Kirkland,WA,98034,2023,TESLA,MODEL Y,Battery Electric Vehicle (BEV),Eligibility unknown as battery range has not been researched,0,0,1,,POINT (-122.22901 47.72201),PUGET SOUND ENERGY INC||CITY OF TACOMA - (WA),53033022300
5YJ3E1EA5R,Clark,Vancouver,WA,98686,2024,TESLA,MODEL 3,Battery Electric Vehicle (BEV),Eligibility unknown as battery range has not been researched,0,0,17,,POINT (-122.62731 45.71668),BONNEVILLE POWER ADMINISTRATION||PUD NO 1 OF CLARK COUNTY - (WA),53011040412
JTMFB3FV8N,Clark,Vancouver,WA,98685,2022,TOYOTA,RAV4 PRIME,Plug-in Hybrid Electric Vehicle (PHEV),Clean Alternative Fuel Vehicle Eligible,42,0,18,228610070,POINT (-122.70303 45.70954),BONNEVILLE POWER ADMINISTRATION||PUD NO 1 OF CLARK COUNTY - (WA),53011040908
5YJ3E1EB1J,King,Kirkland,WA,98034,2018,TESLA,MODEL 3,Battery Electric Vehicle (BEV),Clean Alternative Fuel Vehicle Eligible,215,0,45,,POINT (-122.22901 47.72201),PUGET SOUND ENERGY INC||CITY OF TACOMA - (WA),53033022006
7SAYGDEE5P,King,Kirkland,WA,98033,2023,TESLA,MODEL Y,Battery Electric Vehicle (BEV),Eligibility unknown as battery range has not been researched,0,0,48,,POINT (-122.2066 47.67887),PUGET SOUND ENERGY INC||CITY OF TACOMA - (WA),53033022703
7SAYGDEE9R,King,Seattle,WA,98125,2024,TESLA,MODEL Y,Battery Electric Vehicle (BEV),Eligibility unknown as battery range has not been researched,0,0,46,,POINT (-122.30253 47.72656),CITY OF SEATTLE - (WA)|CITY OF TACOMA - (WA),53033000102
7SAXCDE58P,King,Bellevue,WA,98004,2023,TESLA,MODEL X,Battery Electric Vehicle (BEV),Eligibility unknown as battery range has not been researched,0,0,48,,POINT (-122.1872 47.61001),PUGET SOUND ENERGY INC||CITY OF TACOMA - (WA),53033024001
JTMABABA1P,King,Seattle,WA,98178,2023,SUBARU,SOLTERRA,Battery Electric Vehicle (BEV),Eligibility unknown as battery range has not been researched,0,0,37,,POINT (-122.23825 47.49461),CITY OF SEATTLE - (WA)|CITY OF TACOMA - (WA),53033011902
KM8JBDA29N,King,Seattle,WA,98125,2022,HYUNDAI,TUCSON,Plug-in Hybrid Electric Vehicle (PHEV),Clean Alternative Fuel Vehicle Eligible,33,0,46,,POINT (-122.30253 47.72656),CITY OF SEATTLE - (WA)|CITY OF TACOMA - (WA),53033000102
KNDJP3AE9G,Kitsap,Bainbridge Island,WA,98110,2016,KIA,SOUL,Battery Electric Vehicle (BEV),Clean Alternative Fuel Vehicle Eligible,93,31950,23,,POINT (-122.521 47.62728),PUGET SOUND ENERGY INC,53035090700
KM8KRDAF3P,King,Seattle,WA,98125,2023,HYUNDAI,IONIQ 5,Battery Electric Vehicle (BEV),Eligibility unknown as battery range has not been researched,0,0,46,261166216,POINT (-122.30253 47.72656),CITY OF SEATTLE - (WA)|CITY OF TACOMA - (WA),53033000800
7SAYGDEE4N,King,Seattle,WA,98107,2022,TESLA,MODEL Y,Battery Electric Vehicle (BEV),Eligibility unknown as battery range has not been researched,0,0,36,,POINT (-122.38591 47.67597),CITY OF SEATTLE - (WA)|CITY OF TACOMA - (WA),53033004703
1G1RA6S52H,King,Seattle,WA,98119,2017,CHEVROLET,VOLT,Plug-in Hybrid Electric Vehicle (PHEV),Clean Alternative Fuel Vehicle Eligible,53,0,36,349415447,POINT (-122.3684 47.64586),CITY OF SEATTLE - (WA)|CITY OF TACOMA - (WA),53033006800
1GYKPSRL9R,Kitsap,Port Orchard,WA,98366,2024,CADILLAC,LYRIQ,Battery Electric Vehicle (BEV),Eligibility unknown as battery range has not been researched,0,0,26,,POINT (-122.63847 47.54103),PUGET SOUND ENERGY INC,53035092600
5YJ3E1EA1H,King,Seattle,WA,98119,2017,TESLA,MODEL 3,Battery Electric Vehicle (BEV),Clean Alternative Fuel Vehicle Eligible,220,0,36,,POINT (-122.3684 47.64586),CITY OF SEATTLE - (WA)|CITY OF TACOMA - (WA),53033007001
KNDC34LA8R,King,Sammamish,WA,98074,2024,KIA,EV6,Battery Electric Vehicle (BEV),Eligibility unknown as battery range has not been researched,0,0,45,,POINT (-122.02054 47.60326),PUGET SOUND ENERGY INC||CITY OF TACOMA - (WA),53033032225
3GNKDCRJ9R,King,Seattle,WA,98117,2024,CHEVROLET,BLAZER EV,Battery Electric Vehicle (BEV),Eligibility unknown as battery range has not been researched,0,0,36,,POINT (-122.38418 47.70044),CITY OF SEATTLE - (WA)|CITY OF TACOMA - (WA),53033002900
7SAYGDEE2P,King,Kent,WA,98030,2023,TESLA,MODEL Y,Battery Electric Vehicle (BEV),Eligibility unknown as battery range has not been researched,0,0,47,,POINT (-122.19975 47.37483),PUGET SOUND ENERGY INC||CITY OF TACOMA - (WA),53033029604
2C4RC1S71R,King,Burien,WA,98146,2024,CHRYSLER,PACIFICA,Plug-in Hybrid Electric Vehicle (PHEV),Clean Alternative Fuel Vehicle Eligible,32,0,34,,POINT (-122.36178 47.49408),CITY OF SEATTLE - (WA)|CITY OF TACOMA - (WA),53033027500
JTMABABA7R,Kitsap,Bainbridge Island,WA,98110,2024,SUBARU,SOLTERRA,Battery Electric Vehicle (BEV),Eligibility unknown as battery range has not been researched,0,0,23,267613657,POINT (-122.521 47.62728),PUGET SOUND ENERGY INC,53035090700
KM8KRDDF1R,Thurston,Olympia,WA,98512,2024,HYUNDAI,IONIQ 5,Battery Electric Vehicle (BEV),Eligibility unknown as battery range has not been researched,0,0,22,,POINT (-122.9131 47.01359),PUGET SOUND ENERGY INC,53067011000
7SAYGDEE6P,King,Issaquah,WA,98029,2023,TESLA,MODEL Y,Battery Electric Vehicle (BEV),Eligibility unknown as battery range has not been researched,0,0,5,,POINT (-122.00292 47.54748),PUGET SOUND ENERGY INC||CITY OF TACOMA - (WA),53033032220
7SAXCBE69P,King,Bellevue,WA,98006,2023,TESLA,MODEL X,Battery Electric Vehicle (BEV),Eligibility unknown as battery range has not been researched,0,0,41,,POINT (-122.12096 47.55584),PUGET SOUND ENERGY INC||CITY OF TACOMA - (WA),53033024902
5YJSA1H29F,Snohomish,Mukilteo,WA,98275,2015,TESLA,MODEL S,Battery Electric Vehicle (BEV),Clean Alternative Fuel Vehicle Eligible,208,0,21,,POINT (-122.29196 47.89908),PUGET SOUND ENERGY INC,53061042001
7FCTGBAA3S,King,Seattle,WA,98125,2025,RIVIAN,R1T,Battery Electric Vehicle (BEV),Eligibility unknown as battery range has not been researched,0,0,46,,POINT (-122.30253 47.72656),CITY OF SEATTLE - (WA)|CITY OF TACOMA - (WA),53033000900
7SAYGDEE0N,King,Kirkland,WA,98034,2022,TESLA,MODEL Y,Battery Electric Vehicle (BEV),Eligibility unknown as battery range has not been researched,0,0,45,,POINT (-122.22901 47.72201),PUGET SOUND ENERGY INC||CITY OF TACOMA - (WA),53033022205
KM8HB3A75R,King,Seattle,WA,98125,2024,HYUNDAI,KONA ELECTRIC,Battery Electric Vehicle (BEV),Eligibility unknown as battery range has not been researched,0,0,46,,POINT (-122.30253 47.72656),CITY OF SEATTLE - (WA)|CITY OF TACOMA - (WA),53033000102
1N4BZ1DV0M,King,Auburn,WA,98092,2021,NISSAN,LEAF,Battery Electric Vehicle (BEV),Eligibility unknown as battery range has not been researched,0,0,47,,POINT (-122.1821 47.3199),PUGET SOUND ENERGY INC||CITY OF TACOMA - (WA),53033029602
1N4CZ1CV9R,King,Kirkland,WA,98033,2024,NISSAN,LEAF,Battery Electric Vehicle (BEV),Eligibility unknown as battery range has not been researched,0,0,45,,POINT (-122.2066 47.67887),PUGET SOUND ENERGY INC||CITY OF TACOMA - (WA),53033022402
7SAYGDEF2N,King,Kent,WA,98030,2022,TESLA,MODEL Y,Battery Electric Vehicle (BEV),Eligibility unknown as battery range has not been researched,0,0,47,,POINT (-122.19975 47.37483),PUGET SOUND ENERGY INC||CITY OF TACOMA - (WA),53033029603
5UXTS1C07L,Snohomish,Edmonds,WA,98026,2020,BMW,X3,Plug-in Hybrid Electric Vehicle (PHEV),Not eligible due to low battery range,17,0,21,,POINT (-122.31768 47.87166),PUGET SOUND ENERGY INC,53061050101
1N4AZ0CP6F,King,Seattle,WA,98125,2015,NISSAN,LEAF,Battery Electric Vehicle (BEV),Clean Alternative Fuel Vehicle Eligible,84,0,46,,POINT (-122.30253 47.72656),CITY OF SEATTLE - (WA)|CITY OF TACOMA - (WA),53033000101
5YJYGAEE6M,King,Redmond,WA,98052,2021,TESLA,MODEL Y,Battery Electric Vehicle (BEV),Eligibility unknown as battery range has not been researched,0,0,45,,POINT (-122.13158 47.67858),PUGET SOUND ENERGY INC||CITY OF TACOMA - (WA),53033032323
5YJYGAEE4M,King,Kirkland,WA,98034,2021,TESLA,MODEL Y,Battery Electric Vehicle (BEV),Eligibility unknown as battery range has not been researched,0,0,45,157633850,POINT (-122.22901 47.72201),PUGET SOUND ENERGY INC||CITY OF TACOMA - (WA),53033022005
4JGGM1CB6P,King,Bothell,WA,98011,2023,MERCEDES-BENZ,EQE-CLASS SUV,Battery Electric Vehicle (BEV),Eligibility unknown as battery range has not been researched,0,0,1,,POINT (-122.20563 47.76144),PUGET SOUND ENERGY INC||CITY OF TACOMA - (WA),53033021804
5YJSA1E54N,King,Seattle,WA,98119,2022,TESLA,MODEL S,Battery Electric Vehicle (BEV),Eligibility unknown as battery range has not been researched,0,0,36,,POINT (-122.3684 47.64586),CITY OF SEATTLE - (WA)|CITY OF TACOMA - (WA),53033007001
KM8KNDAF6P,King,Kent,WA,98031,2023,HYUNDAI,IONIQ 5,Battery Electric Vehicle (BEV),Eligibility unknown as battery range has not been researched,0,0,47,,POINT (-122.17743 47.41185),PUGET SOUND ENERGY INC||CITY OF TACOMA - (WA),53033029407
5YJYGDEE5M,King,Kirkland,WA,98034,2021,TESLA,MODEL Y,Battery Electric Vehicle (BEV),Eligibility unknown as battery range has not been researched,0,0,1,136971873,POINT (-122.22901 47.72201),PUGET SOUND ENERGY INC||CITY OF TACOMA - (WA),53033022203
KNDC34LA5R,Clark,Vancouver,WA,98686,2024,KIA,EV6,Battery Electric Vehicle (BEV),Eligibility unknown as battery range has not been researched,0,0,17,,POINT (-122.62731 45.71668),BONNEVILLE POWER ADMINISTRATION||PUD NO 1 OF CLARK COUNTY - (WA),53011040812
WBY1Z6C59H,King,Seattle,WA,98133,2017,BMW,I3,Battery Electric Vehicle (BEV),Clean Alternative Fuel Vehicle Eligible,81,0,32,,POINT (-122.35029 47.71871),CITY OF SEATTLE - (WA)|CITY OF TACOMA - (WA),53033000402
5YJYGDEEXM,King,Bellevue,WA,98004,2021,TESLA,MODEL Y,Battery Electric Vehicle (BEV),Eligibility unknown as battery range has not been researched,0,0,48,,POINT (-122.1872 47.61001),PUGET SOUND ENERGY INC||CITY OF TACOMA - (WA),53033024001
7SAYGDEE6P,King,Bellevue,WA,98004,2023,TESLA,MODEL Y,Battery Electric Vehicle (BEV),Eligibility unknown as battery range has not been researched,0,0,41,,POINT (-122.1872 47.61001),PUGET SOUND ENERGY INC||CITY OF TACOMA - (WA),53033023801
7SAYGDEF8P,King,Kirkland,WA,98033,2023,TESLA,MODEL Y,Battery Electric Vehicle (BEV),Eligibility unknown as battery range has not been researched,0,0,48,,POINT (-122.2066 47.67887),PUGET SOUND ENERGY INC||CITY OF TACOMA - (WA),53033022603
5YJYGDEE6M,King,Seattle,WA,98133,2021,TESLA,MODEL Y,Battery Electric Vehicle (BEV),Eligibility unknown as battery range has not been researched,0,0,46,,POINT (-122.35029 47.71871),,53033000300
WA1LABGE5M,King,Bellevue,WA,98007,2021,AUDI,E-TRON,Battery Electric Vehicle (BEV),Eligibility unknown as battery range has not been researched,0,0,41,,POINT (-122.12056 47.61334),,53033023401
5UXTA6C02N,King,Bellevue,WA,98006,2022,BMW,X5,Plug-in Hybrid Electric Vehicle (PHEV),Clean Alternative Fuel Vehicle Eligible,30,0,41,,POINT (-122.12096 47.55584),,53033024901
1G1FW6S0XP,Kitsap,Silverdale,WA,98383,2023,CHEVROLET,BOLT EV,Battery Electric Vehicle (BEV),Eligibility unknown as battery range has not been researched,0,0,23,,POINT (-122.69275 47.65171),,53035091302
5YJ3E1EB0M,King,Seattle,WA,98122,2021,TESLA,MODEL 3,Battery Electric Vehicle (BEV),Eligibility unknown as battery range has not been researched,0,0,37,,POINT (-122.31009 47.60803),CITY OF SEATTLE - (WA)|CITY OF TACOMA - (WA),53033007800
7SAYGDEE0P,King,Bellevue,WA,98004,2023,TESLA,MODEL Y,Battery Electric Vehicle (BEV),Eligibility unknown as battery range has not been researched,0,0,41,,POINT (-122.1872 47.61001),,53033023801
7PDSGABA2P,King,Kirkland,WA,98033,2023,RIVIAN,R1S,Battery Electric Vehicle (BEV),Eligibility unknown as battery range has not been researched,0,0,45,244991029,POINT (-122.2066 47.67887),,53033022402
7SAYGDED5P,King,Bellevue,WA,98007,2023,TESLA,MODEL Y,Battery Electric Vehicle (BEV),Eligibility unknown as battery range has not been researched,0,0,48,261984285,POINT (-122.12056 47.61334),,53033023300
1GYKPWRL0R,Thurston,Olympia,WA,98502,2024,CADILLAC,LYRIQ,Battery Electric Vehicle (BEV),Eligibility unknown as battery range has not been researched,0,0,35,269451927,POINT (-122.92333 47.03779),PUGET SOUND ENERGY INC,53067011902
YV4BR0CK5M,Island,Coupeville,WA,98239,2021,VOLVO,XC90,Plug-in Hybrid Electric Vehicle (PHEV),Not eligible due to low battery range,18,0,10,271686187,POINT (-122.68558 48.21857),,53029971000
5YJSA1E22G,King,Seattle,WA,98119,2016,TESLA,MODEL S,Battery Electric Vehicle (BEV),Clean Alternative Fuel Vehicle Eligible,210,0,36,197079375,POINT (-122.3684 47.64586),CITY OF SEATTLE - (WA)|CITY OF TACOMA - (WA),53033006900
5YJ3E1EA5R,King,Kent,WA,98030,2024,TESLA,MODEL 3,Battery Electric Vehicle (BEV),Eligibility unknown as battery range has not been researched,0,0,47,262880719,POINT (-122.19975 47.37483),,53033029508
5YJ3E1EA1J,Island,Coupeville,WA,98239,2018,TESLA,MODEL 3,Battery Electric Vehicle (BEV),Clean Alternative Fuel Vehicle Eligible,215,0,10,125048003,POINT (-122.68558 48.21857),,53029971000
WAUUPBFF2H,Thurston,Olympia,WA,98516,2017,AUDI,A3,Plug-in Hybrid Electric Vehicle (PHEV),Not eligible due to low battery range,16,0,2,251122147,POINT (-122.75103 47.08149),,53067011500
5YJYGDEE2L,King,Pacific,WA,98047,2020,TESLA,MODEL Y,Battery Electric Vehicle (BEV),Clean Alternative Fuel Vehicle Eligible,291,0,30,127424307,POINT (-122.24692 47.26465),,53033030902
5YJ3E1EA4M,King,Auburn,WA,98002,2021,TESLA,MODEL 3,Battery Electric Vehicle (BEV),Eligibility unknown as battery range has not been researched,0,0,47,137490916,POINT (-122.22285 47.30507),,53033030503
1FT6W1EV7P,Clark,Vancouver,WA,98682,2023,FORD,F-150,Battery Electric Vehicle (BEV),Eligibility unknown as battery range has not been researched,0,0,17,260916197,POINT (-122.55149 45.69345),BONNEVILLE POWER ADMINISTRATION||PUD NO 1 OF CLARK COUNTY - (WA),53011041313
WBAJB1C50K,King,Bellevue,WA,98004,2019,BMW,530E,Plug-in Hybrid Electric Vehicle (PHEV),Not eligible due to low battery range,15,55700,41,133683868,POINT (-122.1872 47.61001),,53033023901
7SAXCDE57P,King,Redmond,WA,98052,2023,TESLA,MODEL X,Battery Electric Vehicle (BEV),Eligibility unknown as battery range has not been researched,0,0,45,257704002,POINT (-122.13158 47.67858),,53033032321
7SAYGDEE7P,King,Issaquah,WA,98027,2023,TESLA,MODEL Y,Battery Electric Vehicle (BEV),Eligibility unknown as battery range has not been researched,0,0,5,244348268,POINT (-122.03439 47.5301),,53033032104
W1KCG4EB9P,Snohomish,Edmonds,WA,98026,2023,MERCEDES-BENZ,EQS-CLASS SEDAN,Battery Electric Vehicle (BEV),Eligibility unknown as battery range has not been researched,0,0,21,261785660,POINT (-122.31768 47.87166),,53061042004
JTDKARFP7H,King,Seattle,WA,98133,2017,TOYOTA,PRIUS PRIME,Plug-in Hybrid Electric Vehicle (PHEV),Not eligible due to low battery range,25,0,32,120860470,POINT (-122.35029 47.71871),,53033000402
5YJ3E1EC8N,King,Renton,WA,98058,2022,TESLA,MODEL 3,Battery Electric Vehicle (BEV),Eligibility unknown as battery range has not been researched,0,0,11,198945484,POINT (-122.08747 47.4466),,53033025804
7SAYGDEF3R,Thurston,Olympia,WA,98513,2024,TESLA,MODEL Y,Battery Electric Vehicle (BEV),Eligibility unknown as battery range has not been researched,0,0,2,267757255,POINT (-122.81754 46.98876),PUGET SOUND ENERGY INC,53067012332
YV4BR0CKXM,King,Seattle,WA,98177,2021,VOLVO,XC90,Plug-in Hybrid Electric Vehicle (PHEV),Not eligible due to low battery range,18,0,36,267240522,POINT (-122.36498 47.72238),,53033001600
KNDC4DLC1R,Clark,Vancouver,WA,98682,2024,KIA,EV6,Battery Electric Vehicle (BEV),Eligibility unknown as battery range has not been researched,0,0,17,265604762,POINT (-122.55149 45.69345),,53011040713
WVWKP7AU3G,Kitsap,Bainbridge Island,WA,98110,2016,VOLKSWAGEN,E-GOLF,Battery Electric Vehicle (BEV),Clean Alternative Fuel Vehicle Eligible,83,0,23,125702223,POINT (-122.521 47.62728),PUGET SOUND ENERGY INC,53035091002
5YJYGDEE0L,King,Bellevue,WA,98008,2020,TESLA,MODEL Y,Battery Electric Vehicle (BEV),Clean Alternative Fuel Vehicle Eligible,291,0,48,128861190,POINT (-122.11867 47.63131),,53033023000
7SAYGDEE3P,King,Redmond,WA,98052,2023,TESLA,MODEL Y,Battery Electric Vehicle (BEV),Eligibility unknown as battery range has not been researched,0,0,45,260476450,POINT (-122.13158 47.67858),,53033032321
WB523CF03P,Yakima,Selah,WA,98942,2023,BMW,IX,Battery Electric Vehicle (BEV),Eligibility unknown as battery range has not been researched,0,0,15,236290862,POINT (-120.53145 46.65405),,53077003200
1N4CZ1CV6P,King,Kent,WA,98030,2023,NISSAN,LEAF,Battery Electric Vehicle (BEV),Eligibility unknown as battery range has not been researched,0,0,47,218324193,POINT (-122.19975 47.37483),,53033029508
7SAYGDEEXR,King,Bellevue,WA,98007,2024,TESLA,MODEL Y,Battery Electric Vehicle (BEV),Eligibility unknown as battery range has not been researched,0,0,48,269853174,POINT (-122.12056 47.61334),,53033023603
5YJSA1E28G,King,Federal Way,WA,98023,2016,TESLA,MODEL S,Battery Electric Vehicle (BEV),Clean Alternative Fuel Vehicle Eligible,210,0,30,121723612,POINT (-122.36321 47.3084),PUGET SOUND ENERGY INC||CITY OF TACOMA - (WA),53033030308
3FMTK1SU1R,Kitsap,Port Orchard,WA,98366,2024,FORD,MUSTANG MACH-E,Battery Electric Vehicle (BEV),Eligibility unknown as battery range has not been researched,0,0,26,274685680,POINT (-122.63847 47.54103),,53035092200
7SAYGDEE5R,King,Redmond,WA,98052,2024,TESLA,MODEL Y,Battery Electric Vehicle (BEV),Eligibility unknown as battery range has not been researched,0,0,48,272308221,POINT (-122.13158 47.67858),,53033022605
5YJ3E1EA8P,King,Kent,WA,98042,2023,TESLA,MODEL 3,Battery Electric Vehicle (BEV),Eligibility unknown as battery range has not been researched,0,0,47,224026680,POINT (-122.09124 47.33778),,53033031708
KNDC3DLC7N,Kitsap,Poulsbo,WA,98370,2022,KIA,EV6,Battery Electric Vehicle (BEV),Eligibility unknown as battery range has not been researched,0,0,23,207302756,POINT (-122.64681 47.73689),,53035940100
5UX43EU09R,King,Bellevue,WA,98008,2024,BMW,X5,Plug-in Hybrid Electric Vehicle (PHEV),Clean Alternative Fuel Vehicle Eligible,39,0,48,262231525,POINT (-122.11867 47.63131),,53033023300
5YJYGDEE5M,King,Seattle,WA,98103,2021,TESLA,MODEL Y,Battery Electric Vehicle (BEV),Eligibility unknown as battery range has not been researched,0,0,36,166346197,POINT (-122.35436 47.67596),,53033002900
5YJ3E1ETXR,Clark,Vancouver,WA,98662,2024,TESLA,MODEL 3,Battery Electric Vehicle (BEV),Eligibility unknown as battery range has not been researched,0,0,17,270106791,POINT (-122.57722 45.64251),,53011040709
7SAYGDED9P,King,Bellevue,WA,98004,2023,TESLA,MODEL Y,Battery Electric Vehicle (BEV),Eligibility unknown as battery range has not been researched,0,0,48,268732649,POINT (-122.1872 47.61001),,53033024001
5YJ3E1EB7N,King,Bellevue,WA,98005,2022,TESLA,MODEL 3,Battery Electric Vehicle (BEV),Eligibility unknown as battery range has not been researched,0,0,48,187026080,POINT (-122.1621 47.64441),,53033022805
5YJ3E1EA7J,King,Seattle,WA,98177,2018,TESLA,MODEL 3,Battery Electric Vehicle (BEV),Clean Alternative Fuel Vehicle Eligible,215,0,32,223592953,POINT (-122.36498 47.72238),CITY OF SEATTLE - (WA)|CITY OF TACOMA - (WA),53033000402
7SAYGDEE6R,King,Seattle,WA,98133,2024,TESLA,MODEL Y,Battery Electric Vehicle (BEV),Eligibility unknown as battery range has not been researched,0,0,32,271986949,POINT (-122.35029 47.71871),CITY OF SEATTLE - (WA)|CITY OF TACOMA - (WA),53033001400
7SAYGDEE2P,King,Kirkland,WA,98033,2023,TESLA,MODEL Y,Battery Electric Vehicle (BEV),Eligibility unknown as battery range has not been researched,0,0,45,275461777,POINT (-122.2066 47.67887),PUGET SOUND ENERGY INC||CITY OF TACOMA - (WA),53033022402
5YJXCAE45G,Yakima,Yakima,WA,98902,2016,TESLA,MODEL X,Battery Electric Vehicle (BEV),Clean Alternative Fuel Vehicle Eligible,200,0,14,238708410,POINT (-120.52401 46.59739),PACIFICORP,53077000700
7PDSGCBA3R,King,Bellevue,WA,98004,2024,RIVIAN,R1S,Battery Electric Vehicle (BEV),Eligibility unknown as battery range has not been researched,0,0,48,267385975,POINT (-122.1872 47.61001),PUGET SOUND ENERGY INC||CITY OF TACOMA - (WA),53033023805
5UX43EU01S,King,Bellevue,WA,98004,2025,BMW,X5,Plug-in Hybrid Electric Vehicle (PHEV),Clean Alternative Fuel Vehicle Eligible,40,0,41,276611758,POINT (-122.1872 47.61001),PUGET SOUND ENERGY INC||CITY OF TACOMA - (WA),53033023901
5YJ3E1EA5P,King,Bellevue,WA,98008,2023,TESLA,MODEL 3,Battery Electric Vehicle (BEV),Eligibility unknown as battery range has not been researched,0,0,48,225866462,POINT (-122.11867 47.63131),PUGET SOUND ENERGY INC||CITY OF TACOMA - (WA),53033023300
5YJYGDEE7L,King,Redmond,WA,98052,2020,TESLA,MODEL Y,Battery Electric Vehicle (BEV),Clean Alternative Fuel Vehicle Eligible,291,0,45,124480926,POINT (-122.13158 47.67858),PUGET SOUND ENERGY INC||CITY OF TACOMA - (WA),53033032321
1C4RJYD67N,Island,Coupeville,WA,98239,2022,JEEP,GRAND CHEROKEE,Plug-in Hybrid Electric Vehicle (PHEV),Not eligible due to low battery range,25,0,10,228483895,POINT (-122.68558 48.21857),PUGET SOUND ENERGY INC,53029971100
KM8K53AG8M,King,Kirkland,WA,98034,2021,HYUNDAI,KONA ELECTRIC,Battery Electric Vehicle (BEV),Eligibility unknown as battery range has not been researched,0,0,1,161053133,POINT (-122.22901 47.72201),PUGET SOUND ENERGY INC||CITY OF TACOMA - (WA),53033022201
5YJ3E1EA6K,Snohomish,Snohomish,WA,98296,2019,TESLA,MODEL 3,Battery Electric Vehicle (BEV),Clean Alternative Fuel Vehicle Eligible,220,0,44,176340356,POINT (-122.1389 47.87115),PUGET SOUND ENERGY INC,53061041610
5YJ3E1EB8R,King,Renton,WA,98056,2024,TESLA,MODEL 3,Battery Electric Vehicle (BEV),Eligibility unknown as battery range has not been researched,0,0,41,263279138,POINT (-122.1805 47.50006),PUGET SOUND ENERGY INC||CITY OF TACOMA - (WA),53033025304
JTDKARFP2H,King,Redmond,WA,98052,2017,TOYOTA,PRIUS PRIME,Plug-in Hybrid Electric Vehicle (PHEV),Not eligible due to low battery range,25,0,45,165857576,POINT (-122.13158 47.67858),PUGET SOUND ENERGY INC||CITY OF TACOMA - (WA),53033032321
2T3YL4DV0E,King,Bellevue,WA,98005,2014,TOYOTA,RAV4,Battery Electric Vehicle (BEV),Clean Alternative Fuel Vehicle Eligible,103,0,41,186450183,POINT (-122.1621 47.64441),PUGET SOUND ENERGY INC||CITY OF TACOMA - (WA),53033023604
WP0AD2A72E,King,Bellevue,WA,98006,2014,PORSCHE,PANAMERA,Plug-in Hybrid Electric Vehicle (PHEV),Not eligible due to low battery range,15,0,41,208185022,POINT (-122.12096 47.55584),PUGET SOUND ENERGY INC||CITY OF TACOMA - (WA),53033025001
1C4RJXP65R,King,Tukwila,WA,98168,2024,JEEP,WRANGLER,Plug-in Hybrid Electric Vehicle (PHEV),Not eligible due to low battery range,21,0,11,251219307,POINT (-122.3317 47.50314),CITY OF SEATTLE - (WA)|CITY OF TACOMA - (WA),53033027200
1N4AZ0CP4F,King,Shoreline,WA,98155,2015,NISSAN,LEAF,Battery Electric Vehicle (BEV),Clean Alternative Fuel Vehicle Eligible,84,0,32,9264454,POINT (-122.3175 47.75781),CITY OF SEATTLE - (WA)|CITY OF TACOMA - (WA),53033021300
1GT10BDD4R,King,Auburn,WA,98002,2024,GMC,HUMMER EV PICKUP,Battery Electric Vehicle (BEV),Eligibility unknown as battery range has not been researched,0,0,47,272791760,POINT (-122.22285 47.30507),PUGET SOUND ENERGY INC||CITY OF TACOMA - (WA),53033030503
7SAXCDE56P,King,Bellevue,WA,98004,2023,TESLA,MODEL X,Battery Electric Vehicle (BEV),Eligibility unknown as battery range has not been researched,0,0,41,227465367,POINT (-122.1872 47.61001),PUGET SOUND ENERGY INC||CITY OF TACOMA - (WA),53033023901
WVWKP7AU6G,King,Seattle,WA,98178,2016,VOLKSWAGEN,E-GOLF,Battery Electric Vehicle (BEV),Clean Alternative Fuel Vehicle Eligible,83,0,37,271755438,POINT (-122.23825 47.49461),CITY OF SEATTLE - (WA)|CITY OF TACOMA - (WA),53033011902
7SAYGDEE2P,King,Sammamish,WA,98075,2023,TESLA,MODEL Y,Battery Electric Vehicle (BEV),Eligibility unknown as battery range has not been researched,0,0,41,259436733,POINT (-122.03539 47.61344),PUGET SOUND ENERGY INC||CITY OF TACOMA - (WA),53033032224
5YJ3E1EB2P,King,Kirkland,WA,98033,2023,TESLA,MODEL 3,Battery Electric Vehicle (BEV),Eligibility unknown as battery range has not been researched,0,0,48,260397098,POINT (-122.2066 47.67887),PUGET SOUND ENERGY INC||CITY OF TACOMA - (WA),53033022501
1G1FZ6S01K,Clark,Vancouver,WA,98682,2019,CHEVROLET,BOLT EV,Battery Electric Vehicle (BEV),Clean Alternative Fuel Vehicle Eligible,238,0,17,109052415,POINT (-122.55149 45.69345),BONNEVILLE POWER ADMINISTRATION||PUD NO 1 OF CLARK COUNTY - (WA),53011040713
1C4RJYB62P,King,Bellevue,WA,98008,2023,JEEP,GRAND CHEROKEE,Plug-in Hybrid Electric Vehicle (PHEV),Not eligible due to low battery range,25,0,48,244130344,POINT (-122.11867 47.63131),PUGET SOUND ENERGY INC||CITY OF TACOMA - (WA),53033023100
JM3KKEHA5R,King,Redmond,WA,98052,2024,MAZDA,CX-90,Plug-in Hybrid Electric Vehicle (PHEV),Not eligible due to low battery range,26,0,48,268711719,POINT (-122.13158 47.67858),PUGET SOUND ENERGY INC||CITY OF TACOMA - (WA),53033022606
KM8KRDDF4R,King,Redmond,WA,98052,2024,HYUNDAI,IONIQ 5,Battery Electric Vehicle (BEV),Eligibility unknown as battery range has not been researched,0,0,45,269721294,POINT (-122.13158 47.67858),PUGET SOUND ENERGY INC||CITY OF TACOMA - (WA),53033032321
1N4CZ1CV4S,King,Shoreline,WA,98133,2025,NISSAN,LEAF,Battery Electric Vehicle (BEV),Eligibility unknown as battery range has not been researched,0,0,32,275743128,POINT (-122.35029 47.71871),CITY OF SEATTLE - (WA)|CITY OF TACOMA - (WA),53033020800
1N4AZ1CP8K,King,Duvall,WA,98019,2019,NISSAN,LEAF,Battery Electric Vehicle (BEV),Clean Alternative Fuel Vehicle Eligible,150,0,45,256282722,POINT (-121.98609 47.74068),PUGET SOUND ENERGY INC||CITY OF TACOMA - (WA),53033032402
3FMTK1RM6P,King,Kirkland,WA,98033,2023,FORD,MUSTANG MACH-E,Battery Electric Vehicle (BEV),Eligibility unknown as battery range has not been researched,0,0,45,236167172,POINT (-122.2066 47.67887),PUGET SOUND ENERGY INC||CITY OF TACOMA - (WA),53033022401
4W5KHNRL9R,King,Bellevue,WA,98005,2024,ACURA,ZDX,Battery Electric Vehicle (BEV),Eligibility unknown as battery range has not been researched,0,0,48,270163834,POINT (-122.1621 47.64441),PUGET SOUND ENERGY INC||CITY OF TACOMA - (WA),53033023702
JTDACACU1R,King,Bellevue,WA,98008,2024,TOYOTA,PRIUS PRIME,Plug-in Hybrid Electric Vehicle (PHEV),Clean Alternative Fuel Vehicle Eligible,39,0,48,264827881,POINT (-122.11867 47.63131),PUGET SOUND ENERGY INC||CITY OF TACOMA - (WA),53033023100
7SAYGDEE2R,King,Kent,WA,98030,2024,TESLA,MODEL Y,Battery Electric Vehicle (BEV),Eligibility unknown as battery range has not been researched,0,0,47,262439754,POINT (-122.19975 47.37483),PUGET SOUND ENERGY INC||CITY OF TACOMA - (WA),53033029604
7SAYGDEE4P,King,Bellevue,WA,98004,2023,TESLA,MODEL Y,Battery Electric Vehicle (BEV),Eligibility unknown as battery range has not been researched,0,0,41,252496583,POINT (-122.1872 47.61001),PUGET SOUND ENERGY INC||CITY OF TACOMA - (WA),53033023807
5YJ3E1EB5N,King,Seattle,WA,98122,2022,TESLA,MODEL 3,Battery Electric Vehicle (BEV),Eligibility unknown as battery range has not been researched,0,0,43,195179771,POINT (-122.31009 47.60803),CITY OF SEATTLE - (WA)|CITY OF TACOMA - (WA),53033007503
1G1FX6S02H,King,Kirkland,WA,98033,2017,CHEVROLET,BOLT EV,Battery Electric Vehicle (BEV),Clean Alternative Fuel Vehicle Eligible,238,0,48,348516500,POINT (-122.2066 47.67887),PUGET SOUND ENERGY INC||CITY OF TACOMA - (WA),53033022702
7SAYGDEE6P,Jefferson,Port Ludlow,WA,98365,2023,TESLA,MODEL Y,Battery Electric Vehicle (BEV),Eligibility unknown as battery range has not been researched,0,0,24,259285561,POINT (-122.68475 47.92989),BONNEVILLE POWER ADMINISTRATION||PUGET SOUND ENERGY INC||PUD NO 1 OF JEFFERSON COUNTY,53031950301
7SAYGDEE0R,King,Renton,WA,98056,2024,TESLA,MODEL Y,Battery Electric Vehicle (BEV),Eligibility unknown as battery range has not been researched,0,0,11,263091888,POINT (-122.1805 47.50006),PUGET SOUND ENERGY INC||CITY OF TACOMA - (WA),53033025601
KM8KRDAF2P,Clark,Vancouver,WA,98684,2023,HYUNDAI,IONIQ 5,Battery Electric Vehicle (BEV),Eligibility unknown as battery range has not been researched,0,0,17,232667529,POINT (-122.48723 45.63701),BONNEVILLE POWER ADMINISTRATION||PUD NO 1 OF CLARK COUNTY - (WA),53011041337
5YJ3E1EC2M,King,Kent,WA,98030,2021,TESLA,MODEL 3,Battery Electric Vehicle (BEV),Eligibility unknown as battery range has not been researched,0,0,47,179287678,POINT (-122.19975 47.37483),PUGET SOUND ENERGY INC||CITY OF TACOMA - (WA),53033029506
7FCTGAAA0N,King,Sammamish,WA,98075,2022,RIVIAN,R1T,Battery Electric Vehicle (BEV),Eligibility unknown as battery range has not been researched,0,0,41,216554635,POINT (-122.03539 47.61344),PUGET SOUND ENERGY INC||CITY OF TACOMA - (WA),53033032217
KNDRMDJH1S,King,Renton,WA,98059,2025,KIA,SORENTO,Plug-in Hybrid Electric Vehicle (PHEV),Clean Alternative Fuel Vehicle Eligible,30,0,11,274268333,POINT (-122.15734 47.48718),PUGET SOUND ENERGY INC||CITY OF TACOMA - (WA),53033031913
7SAYGDEF5P,King,Renton,WA,98059,2023,TESLA,MODEL Y,Battery Electric Vehicle (BEV),Eligibility unknown as battery range has not been researched,0,0,11,261207579,POINT (-122.15734 47.48718),PUGET SOUND ENERGY INC||CITY OF TACOMA - (WA),53033031913
5YJSA1E21K,King,Redmond,WA,98052,2019,TESLA,MODEL S,Battery Electric Vehicle (BEV),Clean Alternative Fuel Vehicle Eligible,270,0,45,263274084,POINT (-122.13158 47.67858),PUGET SOUND ENERGY INC||CITY OF TACOMA - (WA),53033032323
WP0BA2Y1XR,King,Kirkland,WA,98033,2024,PORSCHE,TAYCAN,Battery Electric Vehicle (BEV),Eligibility unknown as battery range has not been researched,0,0,48,275659093,POINT (-122.2066 47.67887),PUGET SOUND ENERGY INC||CITY OF TACOMA - (WA),53033022701
KMHM34AC4R,King,Redmond,WA,98052,2024,HYUNDAI,IONIQ 6,Battery Electric Vehicle (BEV),Eligibility unknown as battery range has not been researched,0,0,45,269965454,POINT (-122.13158 47.67858),PUGET SOUND ENERGY INC||CITY OF TACOMA - (WA),53033032330
7SAYGDEE2R,King,Renton,WA,98056,2024,TESLA,MODEL Y,Battery Electric Vehicle (BEV),Eligibility unknown as battery range has not been researched,0,0,37,267848318,POINT (-122.1805 47.50006),PUGET SOUND ENERGY INC||CITY OF TACOMA - (WA),53033025302
5YJ3E1EA3J,King,Seattle,WA,98133,2018,TESLA,MODEL 3,Battery Electric Vehicle (BEV),Clean Alternative Fuel Vehicle Eligible,215,0,46,325427511,POINT (-122.35029 47.71871),CITY OF SEATTLE - (WA)|CITY OF TACOMA - (WA),53033000300
5YJ3E1EA6J,King,Renton,WA,98058,2018,TESLA,MODEL 3,Battery Electric Vehicle (BEV),Clean Alternative Fuel Vehicle Eligible,215,0,11,271631958,POINT (-122.08747 47.4466),PUGET SOUND ENERGY INC||CITY OF TACOMA - (WA),53033025804
7SAYGDED2P,King,Seattle,WA,98125,2023,TESLA,MODEL Y,Battery Electric Vehicle (BEV),Eligibility unknown as battery range has not been researched,0,0,46,261241263,POINT (-122.30253 47.72656),CITY OF SEATTLE - (WA)|CITY OF TACOMA - (WA),53033000900
5YJ3E1EB4L,Clark,Ridgefield,WA,98642,2020,TESLA,MODEL 3,Battery Electric Vehicle (BEV),Clean Alternative Fuel Vehicle Eligible,322,0,18,4878114,POINT (-122.74595 45.81539),BONNEVILLE POWER ADMINISTRATION||PUD NO 1 OF CLARK COUNTY - (WA),53011040403
5YJSA1E22F,Kitsap,Silverdale,WA,98383,2015,TESLA,MODEL S,Battery Electric Vehicle (BEV),Clean Alternative Fuel Vehicle Eligible,208,0,23,103608361,POINT (-122.69275 47.65171),PUGET SOUND ENERGY INC,53035091302
7SAYGDEEXS,King,Bellevue,WA,98004,2025,TESLA,MODEL Y,Battery Electric Vehicle (BEV),Eligibility unknown as battery range has not been researched,0,0,41,276911988,POINT (-122.1872 47.61001),PUGET SOUND ENERGY INC||CITY OF TACOMA - (WA),53033023901
7SAYGDEF8R,King,Auburn,WA,98092,2024,TESLA,MODEL Y,Battery Electric Vehicle (BEV),Eligibility unknown as battery range has not been researched,0,0,47,271118942,POINT (-122.1821 47.3199),PUGET SOUND ENERGY INC||CITY OF TACOMA - (WA),53033031207
7SAYGDEE8P,King,Redmond,WA,98052,2023,TESLA,MODEL Y,Battery Electric Vehicle (BEV),Eligibility unknown as battery range has not been researched,0,0,45,260975473,POINT (-122.13158 47.67858),PUGET SOUND ENERGY INC||CITY OF TACOMA - (WA),53033032321
1G1FY6S02M,King,Seattle,WA,98125,2021,CHEVROLET,BOLT EV,Battery Electric Vehicle (BEV),Eligibility unknown as battery range has not been researched,0,0,46,153997329,POINT (-122.30253 47.72656),CITY OF SEATTLE - (WA)|CITY OF TACOMA - (WA),53033000201
3FMTK1S59P,King,Seattle,WA,98115,2023,FORD,MUSTANG MACH-E,Battery Electric Vehicle (BEV),Eligibility unknown as battery range has not been researched,0,0,46,262983598,POINT (-122.31676 47.68156),CITY OF SEATTLE - (WA)|CITY OF TACOMA - (WA),53033002000
3GPKHZRJ3R,Yakima,Selah,WA,98942,2024,HONDA,PROLOGUE,Battery Electric Vehicle (BEV),Eligibility unknown as battery range has not been researched,0,0,15,269779142,POINT (-120.53145 46.65405),PACIFICORP,53077003100
7SAYGDEE4R,King,Bellevue,WA,98004,2024,TESLA,MODEL Y,Battery Electric Vehicle (BEV),Eligibility unknown as battery range has not been researched,0,0,48,269835611,POINT (-122.1872 47.61001),PUGET SOUND ENERGY INC||CITY OF TACOMA - (WA),53033024001
5YJ3E1EA9P,Clark,Vancouver,WA,98682,2023,TESLA,MODEL 3,Battery Electric Vehicle (BEV),Eligibility unknown as battery range has not been researched,0,0,17,267320889,POINT (-122.55149 45.69345),BONNEVILLE POWER ADMINISTRATION||PUD NO 1 OF CLARK COUNTY - (WA),53011040712
5YJYGAEE7M,King,Kirkland,WA,98033,2021,TESLA,MODEL Y,Battery Electric Vehicle (BEV),Eligibility unknown as battery range has not been researched,0,0,48,179283506,POINT (-122.2066 47.67887),PUGET SOUND ENERGY INC||CITY OF TACOMA - (WA),53033022501
1N4AZ0CP6F,King,Seattle,WA,98125,2015,NISSAN,LEAF,Battery Electric Vehicle (BEV),Clean Alternative Fuel Vehicle Eligible,84,0,46,110149476,POINT (-122.30253 47.72656),CITY OF SEATTLE - (WA)|CITY OF TACOMA - (WA),53033000700
7SAYGDEF9N,Clark,Vancouver,WA,98685,2022,TESLA,MODEL Y,Battery Electric Vehicle (BEV),Eligibility unknown as battery range has not been researched,0,0,18,219123103,POINT (-122.70303 45.70954),BONNEVILLE POWER ADMINISTRATION||PUD NO 1 OF CLARK COUNTY - (WA),53011040907
5YJ3E1EA5L,King,Bellevue,WA,98008,2020,TESLA,MODEL 3,Battery Electric Vehicle (BEV),Clean Alternative Fuel Vehicle Eligible,266,0,48,2146371,POINT (-122.11867 47.63131),PUGET SOUND ENERGY INC||CITY OF TACOMA - (WA),53033023000
5YJSA1E24H,King,Kirkland,WA,98034,2017,TESLA,MODEL S,Battery Electric Vehicle (BEV),Clean Alternative Fuel Vehicle Eligible,210,0,1,262612437,POINT (-122.22901 47.72201),PUGET SOUND ENERGY INC||CITY OF TACOMA - (WA),53033022300
WP1AC2XA6R,King,Kent,WA,98031,2024,PORSCHE,MACAN,Battery Electric Vehicle (BEV),Clean Alternative Fuel Vehicle Eligible,288,0,47,276530068,POINT (-122.17743 47.41185),PUGET SOUND ENERGY INC||CITY OF TACOMA - (WA),53033029406
WA1E2AFY6M,Kitsap,Bainbridge Island,WA,98110,2021,AUDI,Q5 E,Plug-in Hybrid Electric Vehicle (PHEV),Not eligible due to low battery range,18,0,23,156676040,POINT (-122.521 47.62728),PUGET SOUND ENERGY INC,53035091002
KM8S7DA26P,King,Seattle,WA,98177,2023,HYUNDAI,SANTA FE,Plug-in Hybrid Electric Vehicle (PHEV),Clean Alternative Fuel Vehicle Eligible,30,0,36,235154650,POINT (-122.36498 47.72238),CITY OF SEATTLE - (WA)|CITY OF TACOMA - (WA),53033001400
7JRH60FW7P,King,Kirkland,WA,98034,2023,VOLVO,S60,Plug-in Hybrid Electric Vehicle (PHEV),Clean Alternative Fuel Vehicle Eligible,41,0,45,277764770,POINT (-122.22901 47.72201),PUGET SOUND ENERGY INC||CITY OF TACOMA - (WA),53033022006
7SAXCBE56P,King,Bellevue,WA,98004,2023,TESLA,MODEL X,Battery Electric Vehicle (BEV),Eligibility unknown as battery range has not been researched,0,0,48,227098679,POINT (-122.1872 47.61001),PUGET SOUND ENERGY INC||CITY OF TACOMA - (WA),53033024001
7PDSGCBA7R,King,Kirkland,WA,98034,2024,RIVIAN,R1S,Battery Electric Vehicle (BEV),Eligibility unknown as battery range has not been researched,0,0,1,261845566,POINT (-122.22901 47.72201),PUGET SOUND ENERGY INC||CITY OF TACOMA - (WA),53033022203
WVGJNPE28N,King,Seattle,WA,98115,2022,VOLKSWAGEN,ID.4,Battery Electric Vehicle (BEV),Eligibility unknown as battery range has not been researched,0,0,43,221134784,POINT (-122.31676 47.68156),CITY OF SEATTLE - (WA)|CITY OF TACOMA - (WA),53033004401
3FA6P0SU0L,Cowlitz,Ariel,WA,98603,2020,FORD,FUSION,Plug-in Hybrid Electric Vehicle (PHEV),Not eligible due to low battery range,26,0,20,264927785,POINT (-122.53658 45.98974),BONNEVILLE POWER ADMINISTRATION||PUD NO 1 OF COWLITZ COUNTY,53015001501
5YJ3E1EB1N,King,Seattle,WA,98109,2022,TESLA,MODEL 3,Battery Electric Vehicle (BEV),Eligibility unknown as battery range has not been researched,0,0,43,195340995,POINT (-122.35022 47.63824),CITY OF SEATTLE - (WA)|CITY OF TACOMA - (WA),53033007301
JTMAB3FV5P,King,Seattle,WA,98178,2023,TOYOTA,RAV4 PRIME,Plug-in Hybrid Electric Vehicle (PHEV),Clean Alternative Fuel Vehicle Eligible,42,0,37,252998105,POINT (-122.23825 47.49461),CITY OF SEATTLE - (WA)|CITY OF TACOMA - (WA),53033011901
JTDKAMFP1M,King,Redmond,WA,98052,2021,TOYOTA,PRIUS PRIME,Plug-in Hybrid Electric Vehicle (PHEV),Not eligible due to low battery range,25,0,48,274906831,POINT (-122.13158 47.67858),PUGET SOUND ENERGY INC||CITY OF TACOMA - (WA),53033032325
1FADP3R43D,Snohomish,Lake Stevens,WA,98258,2013,FORD,FOCUS,Battery Electric Vehicle (BEV),Clean Alternative Fuel Vehicle Eligible,76,0,44,235338029,POINT (-122.06402 48.01497),PUGET SOUND ENERGY INC,53061052706
WA1E2AFY1M,King,Seattle,WA,98103,2021,AUDI,Q5 E,Plug-in Hybrid Electric Vehicle (PHEV),Not eligible due to low battery range,18,0,43,227503909,POINT (-122.35436 47.67596),CITY OF SEATTLE - (WA)|CITY OF TACOMA - (WA),53033005000
7SAYGAEE3R,King,Auburn,WA,98092,2024,TESLA,MODEL Y,Battery Electric Vehicle (BEV),Eligibility unknown as battery range has not been researched,0,0,47,267534130,POINT (-122.1821 47.3199),PUGET SOUND ENERGY INC||CITY OF TACOMA - (WA),53033029602
5YJ3E1EA8R,King,Kent,WA,98032,2024,TESLA,MODEL 3,Battery Electric Vehicle (BEV),Eligibility unknown as battery range has not been researched,0,0,33,271608193,POINT (-122.23741 47.3807),PUGET SOUND ENERGY INC||CITY OF TACOMA - (WA),53033029203
5YJSA1E62M,King,Bellevue,WA,98004,2021,TESLA,MODEL S,Battery Electric Vehicle (BEV),Eligibility unknown as battery range has not been researched,0,0,41,183301954,POINT (-122.1872 47.61001),PUGET SOUND ENERGY INC||CITY OF TACOMA - (WA),53033023901
5YJ3E1EA8M,King,Issaquah,WA,98027,2021,TESLA,MODEL 3,Battery Electric Vehicle (BEV),Eligibility unknown as battery range has not been researched,0,0,5,183400010,POINT (-122.03439 47.5301),PUGET SOUND ENERGY INC||CITY OF TACOMA - (WA),53033032104
7SAYGDEF1N,Clark,Vancouver,WA,98686,2022,TESLA,MODEL Y,Battery Electric Vehicle (BEV),Eligibility unknown as battery range has not been researched,0,0,17,212356420,POINT (-122.62731 45.71668),BONNEVILLE POWER ADMINISTRATION||PUD NO 1 OF CLARK COUNTY - (WA),53011040812
JTMFB3FV1R,King,Seattle,WA,98125,2024,TOYOTA,RAV4 PRIME,Plug-in Hybrid Electric Vehicle (PHEV),Clean Alternative Fuel Vehicle Eligible,42,0,46,270171569,POINT (-122.30253 47.72656),CITY OF SEATTLE - (WA)|CITY OF TACOMA - (WA),53033000800
KNDC4DLC3R,King,Seattle,WA,98122,2024,KIA,EV6,Battery Electric Vehicle (BEV),Eligibility unknown as battery range has not been researched,0,0,37,274970615,POINT (-122.31009 47.60803),CITY OF SEATTLE - (WA)|CITY OF TACOMA - (WA),53033008800
5YJYGDEE1M,King,Seattle,WA,98103,2021,TESLA,MODEL Y,Battery Electric Vehicle (BEV),Eligibility unknown as battery range has not been researched,0,0,43,169117413,POINT (-122.35436 47.67596),CITY OF SEATTLE - (WA)|CITY OF TACOMA - (WA),53033004800
1G1RB6S58H,King,Renton,WA,98056,2017,CHEVROLET,VOLT,Plug-in Hybrid Electric Vehicle (PHEV),Clean Alternative Fuel Vehicle Eligible,53,0,11,322539171,POINT (-122.1805 47.50006),PUGET SOUND ENERGY INC||CITY OF TACOMA - (WA),53033025500
LPSED3KA5N,King,North Bend,WA,98045,2022,POLESTAR,PS2,Battery Electric Vehicle (BEV),Eligibility unknown as battery range has not been researched,0,0,5,207569477,POINT (-121.7831 47.49348),PUGET SOUND ENERGY INC||CITY OF TACOMA - (WA),53033032704
7SAYGAEE9P,King,Seattle,WA,98133,2023,TESLA,MODEL Y,Battery Electric Vehicle (BEV),Eligibility unknown as battery range has not been researched,0,0,46,265049739,POINT (-122.35029 47.71871),CITY OF SEATTLE - (WA)|CITY OF TACOMA - (WA),53033000602
7SAYGDEE4N,King,Newcastle,WA,98059,2022,TESLA,MODEL Y,Battery Electric Vehicle (BEV),Eligibility unknown as battery range has not been researched,0,0,41,211531813,POINT (-122.15734 47.48718),PUGET SOUND ENERGY INC||CITY OF TACOMA - (WA),53033025005
WMW13DJ02N,King,Seattle,WA,98146,2022,MINI,HARDTOP,Battery Electric Vehicle (BEV),Eligibility unknown as battery range has not been researched,0,0,34,161596046,POINT (-122.36178 47.49408),CITY OF SEATTLE - (WA)|CITY OF TACOMA - (WA),53033012000
WVWKR7AU5K,King,Seattle,WA,98125,2019,VOLKSWAGEN,E-GOLF,Battery Electric Vehicle (BEV),Clean Alternative Fuel Vehicle Eligible,125,0,46,2266491,POINT (-122.30253 47.72656),CITY OF SEATTLE - (WA)|CITY OF TACOMA - (WA),53033000601
7SAYGDEF5P,Kitsap,Olalla,WA,98359,2023,TESLA,MODEL Y,Battery Electric Vehicle (BEV),Eligibility unknown as battery range has not been researched,0,0,26,260461848,POINT (-122.54729 47.42602),PUGET SOUND ENERGY INC,53035092803
1N4AZ0CP0F,King,Seattle,WA,98122,2015,NISSAN,LEAF,Battery Electric Vehicle (BEV),Clean Alternative Fuel Vehicle Eligible,84,0,43,147041261,POINT (-122.31009 47.60803),CITY OF SEATTLE - (WA)|CITY OF TACOMA - (WA),53033007502
7SAYGDEE0P,King,Bothell,WA,98011,2023,TESLA,MODEL Y,Battery Electric Vehicle (BEV),Eligibility unknown as battery range has not been researched,0,0,1,238384541,POINT (-122.20563 47.76144),PUGET SOUND ENERGY INC||CITY OF TACOMA - (WA),53033021905
7SAYGDEE6R,Clark,Vancouver,WA,98685,2024,TESLA,MODEL Y,Battery Electric Vehicle (BEV),Eligibility unknown as battery range has not been researched,0,0,18,262778407,POINT (-122.70303 45.70954),BONNEVILLE POWER ADMINISTRATION||PUD NO 1 OF CLARK COUNTY - (WA),53011040908
5YJ3E1EA6J,King,Newcastle,WA,98056,2018,TESLA,MODEL 3,Battery Electric Vehicle (BEV),Clean Alternative Fuel Vehicle Eligible,215,0,41,301611649,POINT (-122.1805 47.50006),PUGET SOUND ENERGY INC||CITY OF TACOMA - (WA),53033024703
KNDCR3L12P,King,Kirkland,WA,98033,2023,KIA,NIRO,Battery Electric Vehicle (BEV),Eligibility unknown as battery range has not been researched,0,0,45,233905346,POINT (-122.2066 47.67887),PUGET SOUND ENERGY INC||CITY OF TACOMA - (WA),53033022402
5YJSA1H20E,King,Kirkland,WA,98034,2014,TESLA,MODEL S,Battery Electric Vehicle (BEV),Clean Alternative Fuel Vehicle Eligible,208,69900,45,170310899,POINT (-122.22901 47.72201),PUGET SOUND ENERGY INC||CITY OF TACOMA - (WA),53033021904
WP0BA2Y17R,King,Seattle,WA,98177,2024,PORSCHE,TAYCAN,Battery Electric Vehicle (BEV),Eligibility unknown as battery range has not been researched,0,0,36,269924161,POINT (-122.36498 47.72238),CITY OF SEATTLE - (WA)|CITY OF TACOMA - (WA),53033001400
1GC10UED0R,King,Bellevue,WA,98005,2024,CHEVROLET,SILVERADO EV,Battery Electric Vehicle (BEV),Eligibility unknown as battery range has not been researched,0,0,48,276853055,POINT (-122.1621 47.64441),PUGET SOUND ENERGY INC||CITY OF TACOMA - (WA),53033023702
KNDAEFS55R,Clark,Vancouver,WA,98683,2024,KIA,EV9,Battery Electric Vehicle (BEV),Eligibility unknown as battery range has not been researched,0,0,18,273992680,POINT (-122.49212 45.60365),BONNEVILLE POWER ADMINISTRATION||PUD NO 1 OF CLARK COUNTY - (WA),53011041329
1FADP5CU6D,Clark,Vancouver,WA,98686,2013,FORD,C-MAX,Plug-in Hybrid Electric Vehicle (PHEV),Not eligible due to low battery range,19,0,17,199064078,POINT (-122.62731 45.71668),BONNEVILLE POWER ADMINISTRATION||PUD NO 1 OF CLARK COUNTY - (WA),53011040811
7SAYGDEE0P,King,Kirkland,WA,98034,2023,TESLA,MODEL Y,Battery Electric Vehicle (BEV),Eligibility unknown as battery range has not been researched,0,0,1,224617249,POINT (-122.22901 47.72201),PUGET SOUND ENERGY INC||CITY OF TACOMA - (WA),53033022203
7SAYGDEE7N,King,Bellevue,WA,98004,2022,TESLA,MODEL Y,Battery Electric Vehicle (BEV),Eligibility unknown as battery range has not been researched,0,0,48,216566843,POINT (-122.1872 47.61001),PUGET SOUND ENERGY INC||CITY OF TACOMA - (WA),53033024001
KM8HE3A63R,King,Newcastle,WA,98056,2024,HYUNDAI,KONA ELECTRIC,Battery Electric Vehicle (BEV),Eligibility unknown as battery range has not been researched,0,0,41,261438824,POINT (-122.1805 47.50006),PUGET SOUND ENERGY INC||CITY OF TACOMA - (WA),53033024703
WBA33AG01M,Clark,Vancouver,WA,98685,2021,BMW,530E,Plug-in Hybrid Electric Vehicle (PHEV),Not eligible due to low battery range,18,0,18,139710889,POINT (-122.70303 45.70954),BONNEVILLE POWER ADMINISTRATION||PUD NO 1 OF CLARK COUNTY - (WA),53011040907
7SAYGAEE6R,King,Bellevue,WA,98004,2024,TESLA,MODEL Y,Battery Electric Vehicle (BEV),Eligibility unknown as battery range has not been researched,0,0,41,268403425,POINT (-122.1872 47.61001),PUGET SOUND ENERGY INC||CITY OF TACOMA - (WA),53033023801
5UX43EU07R,King,Sammamish,WA,98075,2024,BMW,X5,Plug-in Hybrid Electric Vehicle (PHEV),Clean Alternative Fuel Vehicle Eligible,39,0,41,253411098,POINT (-122.03539 47.61344),PUGET SOUND ENERGY INC||CITY OF TACOMA - (WA),53033032215
1V2VMPE83P,King,Redmond,WA,98052,2023,VOLKSWAGEN,ID.4,Battery Electric Vehicle (BEV),Eligibility unknown as battery range has not been researched,0,0,45,245593274,POINT (-122.13158 47.67858),PUGET SOUND ENERGY INC||CITY OF TACOMA - (WA),53033032323
KNDC3DLC7N,Clark,Vancouver,WA,98686,2022,KIA,EV6,Battery Electric Vehicle (BEV),Eligibility unknown as battery range has not been researched,0,0,49,207057119,POINT (-122.62731 45.71668),BONNEVILLE POWER ADMINISTRATION||PUD NO 1 OF CLARK COUNTY - (WA),53011040803
5YJ3E1EA3N,King,Auburn,WA,98092,2022,TESLA,MODEL 3,Battery Electric Vehicle (BEV),Eligibility unknown as battery range has not been researched,0,0,47,190175037,POINT (-122.1821 47.3199),PUGET SOUND ENERGY INC||CITY OF TACOMA - (WA),53033031207
7SAYGDEE9P,Kitsap,Seabeck,WA,98380,2023,TESLA,MODEL Y,Battery Electric Vehicle (BEV),Eligibility unknown as battery range has not been researched,0,0,35,238363289,POINT (-122.81585 47.64509),PUGET SOUND ENERGY INC,53035091301
5YJ3E1EB6K,King,Kent,WA,98031,2019,TESLA,MODEL 3,Battery Electric Vehicle (BEV),Clean Alternative Fuel Vehicle Eligible,220,0,47,127424608,POINT (-122.17743 47.41185),PUGET SOUND ENERGY INC||CITY OF TACOMA - (WA),53033029405
JTMABACA4R,King,Renton,WA,98055,2024,TOYOTA,BZ4X,Battery Electric Vehicle (BEV),Eligibility unknown as battery range has not been researched,0,0,11,276258244,POINT (-122.197 47.43876),PUGET SOUND ENERGY INC||CITY OF TACOMA - (WA),53033025703
7SAYGAEE9P,King,Auburn,WA,98092,2023,TESLA,MODEL Y,Battery Electric Vehicle (BEV),Eligibility unknown as battery range has not been researched,0,0,47,233941655,POINT (-122.1821 47.3199),PUGET SOUND ENERGY INC||CITY OF TACOMA - (WA),53033029602
7SAYGDEEXS,King,Kirkland,WA,98033,2025,TESLA,MODEL Y,Battery Electric Vehicle (BEV),Eligibility unknown as battery range has not been researched,0,0,45,274297222,POINT (-122.2066 47.67887),PUGET SOUND ENERGY INC||CITY OF TACOMA - (WA),53033022603
WA1F2AFYXR,Snohomish,Lake Stevens,WA,98258,2024,AUDI,Q5 E,Plug-in Hybrid Electric Vehicle (PHEV),Not eligible due to low battery range,23,0,44,266879273,POINT (-122.06402 48.01497),PUGET SOUND ENERGY INC,53061052607
7SAYGAEE4N,King,Sammamish,WA,98075,2022,TESLA,MODEL Y,Battery Electric Vehicle (BEV),Eligibility unknown as battery range has not been researched,0,0,41,212165922,POINT (-122.03539 47.61344),PUGET SOUND ENERGY INC||CITY OF TACOMA - (WA),53033032215
KM8KNDDF6R,Snohomish,Everett,WA,98208,2024,HYUNDAI,IONIQ 5,Battery Electric Vehicle (BEV),Eligibility unknown as battery range has not been researched,0,0,44,265012359,POINT (-122.18637 47.89251),PUGET SOUND ENERGY INC,53061041701
KNDCC3LD5J,Kitsap,Bainbridge Island,WA,98110,2018,KIA,NIRO,Plug-in Hybrid Electric Vehicle (PHEV),Not eligible due to low battery range,26,0,23,137114995,POINT (-122.521 47.62728),PUGET SOUND ENERGY INC,53035090700
5YJXCDE27L,King,Bellevue,WA,98004,2020,TESLA,MODEL X,Battery Electric Vehicle (BEV),Clean Alternative Fuel Vehicle Eligible,289,0,48,106405211,POINT (-122.1872 47.61001),PUGET SOUND ENERGY INC||CITY OF TACOMA - (WA),53033024001
KNDC5DLE2P,Clark,Vancouver,WA,98683,2023,KIA,EV6,Battery Electric Vehicle (BEV),Eligibility unknown as battery range has not been researched,0,0,18,254041133,POINT (-122.49212 45.60365),BONNEVILLE POWER ADMINISTRATION||PUD NO 1 OF CLARK COUNTY - (WA),53011041329
YV4H60CF8R,King,Kirkland,WA,98034,2024,VOLVO,XC90,Plug-in Hybrid Electric Vehicle (PHEV),Clean Alternative Fuel Vehicle Eligible,32,0,45,262928515,POINT (-122.22901 47.72201),PUGET SOUND ENERGY INC||CITY OF TACOMA - (WA),53033021904
ZACPDFDW4R,Thurston,Yelm,WA,98597,2024,DODGE,HORNET,Plug-in Hybrid Electric Vehicle (PHEV),Clean Alternative Fuel Vehicle Eligible,32,0,2,270829282,POINT (-122.60735 46.94239),PUGET SOUND ENERGY INC,53067012412
KNDC4DLCXR,King,Bellevue,WA,98008,2024,KIA,EV6,Battery Electric Vehicle (BEV),Eligibility unknown as battery range has not been researched,0,0,48,276276976,POINT (-122.11867 47.63131),PUGET SOUND ENERGY INC||CITY OF TACOMA - (WA),53033023000
7SAXCDE56N,Clark,Vancouver,WA,98686,2022,TESLA,MODEL X,Battery Electric Vehicle (BEV),Eligibility unknown as battery range has not been researched,0,0,17,196578161,POINT (-122.62731 45.71668),BONNEVILLE POWER ADMINISTRATION||PUD NO 1 OF CLARK COUNTY - (WA),53011040812
1C4RJYB65P,King,Tukwila,WA,98188,2023,JEEP,GRAND CHEROKEE,Plug-in Hybrid Electric Vehicle (PHEV),Not eligible due to low battery range,25,0,11,240038550,POINT (-122.29179 47.43473),PUGET SOUND ENERGY INC||CITY OF TACOMA - (WA),53033028200
KNDCR3L17R,King,Bellevue,WA,98006,2024,KIA,NIRO,Battery Electric Vehicle (BEV),Eligibility unknown as battery range has not been researched,0,0,41,269991060,POINT (-122.12096 47.55584),PUGET SOUND ENERGY INC||CITY OF TACOMA - (WA),53033024904
5YJ3E1EB4N,King,Sammamish,WA,98074,2022,TESLA,MODEL 3,Battery Electric Vehicle (BEV),Eligibility unknown as battery range has not been researched,0,0,45,203601569,POINT (-122.02054 47.60326),PUGET SOUND ENERGY INC||CITY OF TACOMA - (WA),53033032317
5YJ3E1EA8P,King,Seattle,WA,98122,2023,TESLA,MODEL 3,Battery Electric Vehicle (BEV),Eligibility unknown as battery range has not been researched,0,0,37,253854009,POINT (-122.31009 47.60803),CITY OF SEATTLE - (WA)|CITY OF TACOMA - (WA),53033007800
3FA6P0SU1F,Jefferson,Port Townsend,WA,98368,2015,FORD,FUSION,Plug-in Hybrid Electric Vehicle (PHEV),Not eligible due to low battery range,19,0,24,216636045,POINT (-122.77263 48.1212),BONNEVILLE POWER ADMINISTRATION||PUGET SOUND ENERGY INC||PUD NO 1 OF JEFFERSON COUNTY,53031950602
7SAYGDEE8P,King,Woodinville,WA,98072,2023,TESLA,MODEL Y,Battery Electric Vehicle (BEV),Eligibility unknown as battery range has not been researched,0,0,45,260903247,POINT (-122.15545 47.75448),PUGET SOUND ENERGY INC||CITY OF TACOMA - (WA),53033032319
5YJ3E1EB2J,Clark,Washougal,WA,98671,2018,TESLA,MODEL 3,Battery Electric Vehicle (BEV),Clean Alternative Fuel Vehicle Eligible,215,0,18,475818360,POINT (-122.35341 45.57923),BONNEVILLE POWER ADMINISTRATION||PUD NO 1 OF CLARK COUNTY - (WA),53011040510
7SAYGDEF3P,King,Kent,WA,98031,2023,TESLA,MODEL Y,Battery Electric Vehicle (BEV),Eligibility unknown as battery range has not been researched,0,0,47,245713996,POINT (-122.17743 47.41185),PUGET SOUND ENERGY INC||CITY OF TACOMA - (WA),53033029407
7SAYGDEE7P,King,Redmond,WA,98052,2023,TESLA,MODEL Y,Battery Electric Vehicle (BEV),Eligibility unknown as battery range has not been researched,0,0,45,253623716,POINT (-122.13158 47.67858),PUGET SOUND ENERGY INC||CITY OF TACOMA - (WA),53033032321
5YJYGDEE2M,Snohomish,Lynnwood,WA,98087,2021,TESLA,MODEL Y,Battery Electric Vehicle (BEV),Eligibility unknown as battery range has not been researched,0,0,21,157724640,POINT (-122.27981 47.85727),PUGET SOUND ENERGY INC,53061041901
7SAYGDEE3P,Snohomish,Everett,WA,98208,2023,TESLA,MODEL Y,Battery Electric Vehicle (BEV),Eligibility unknown as battery range has not been researched,0,0,44,237822966,POINT (-122.18637 47.89251),PUGET SOUND ENERGY INC,53061041610
1C4JJXP68N,King,Seattle,WA,98103,2022,JEEP,WRANGLER,Plug-in Hybrid Electric Vehicle (PHEV),Not eligible due to low battery range,21,0,43,198903260,POINT (-122.35436 47.67596),CITY OF SEATTLE - (WA)|CITY OF TACOMA - (WA),53033003500
1G1FX6S02H,Kitsap,Kingston,WA,98346,2017,CHEVROLET,BOLT EV,Battery Electric Vehicle (BEV),Clean Alternative Fuel Vehicle Eligible,238,0,23,477830503,POINT (-122.4977 47.79802),PUGET SOUND ENERGY INC,53035940000
WMEEJ9AA8E,King,Kirkland,WA,98033,2014,SMART,FORTWO ELECTRIC DRIVE,Battery Electric Vehicle (BEV),Clean Alternative Fuel Vehicle Eligible,58,0,48,109908193,POINT (-122.2066 47.67887),PUGET SOUND ENERGY INC||CITY OF TACOMA - (WA),53033022501
WAUBHBFW1P,King,Sammamish,WA,98075,2023,AUDI,RS E-TRON GT,Battery Electric Vehicle (BEV),Eligibility unknown as battery range has not been researched,0,0,41,244506888,POINT (-122.03539 47.61344),PUGET SOUND ENERGY INC||CITY OF TACOMA - (WA),53033032217
1N4BZ0CP2G,King,Shoreline,WA,98133,2016,NISSAN,LEAF,Battery Electric Vehicle (BEV),Clean Alternative Fuel Vehicle Eligible,84,0,32,113112464,POINT (-122.35029 47.71871),CITY OF SEATTLE - (WA)|CITY OF TACOMA - (WA),53033020700
YV4H60PE3S,King,Seattle,WA,98177,2025,VOLVO,XC90,Plug-in Hybrid Electric Vehicle (PHEV),Clean Alternative Fuel Vehicle Eligible,32,0,32,275071534,POINT (-122.36498 47.72238),CITY OF SEATTLE - (WA)|CITY OF TACOMA - (WA),53033000500
7SAYGDEE8P,King,Bellevue,WA,98004,2023,TESLA,MODEL Y,Battery Electric Vehicle (BEV),Eligibility unknown as battery range has not been researched,0,0,41,252287836,POINT (-122.1872 47.61001),PUGET SOUND ENERGY INC||CITY OF TACOMA - (WA),53033023801
1C4JJXR69M,Cowlitz,Longview,WA,98632,2021,JEEP,WRANGLER,Plug-in Hybrid Electric Vehicle (PHEV),Not eligible due to low battery range,21,0,19,170524105,POINT (-122.95058 46.14681),BONNEVILLE POWER ADMINISTRATION||PUD NO 1 OF COWLITZ COUNTY,53015001900
1N4AZ1BV3M,King,Seattle,WA,98105,2021,NISSAN,LEAF,Battery Electric Vehicle (BEV),Eligibility unknown as battery range has not been researched,0,0,43,156841219,POINT (-122.31307 47.66127),CITY OF SEATTLE - (WA)|CITY OF TACOMA - (WA),53033004500
7SAYGDEF9P,King,Bellevue,WA,98004,2023,TESLA,MODEL Y,Battery Electric Vehicle (BEV),Eligibility unknown as battery range has not been researched,0,0,48,249568798,POINT (-122.1872 47.61001),PUGET SOUND ENERGY INC||CITY OF TACOMA - (WA),53033023806
5YJ3E1EB3J,King,Redmond,WA,98052,2018,TESLA,MODEL 3,Battery Electric Vehicle (BEV),Clean Alternative Fuel Vehicle Eligible,215,0,45,474622424,POINT (-122.13158 47.67858),PUGET SOUND ENERGY INC||CITY OF TACOMA - (WA),53033032323
JN8DF0BF4S,King,Seattle,WA,98117,2025,NISSAN,ARIYA,Battery Electric Vehicle (BEV),Eligibility unknown as battery range has not been researched,0,0,36,277852942,POINT (-122.38418 47.70044),CITY OF SEATTLE - (WA)|CITY OF TACOMA - (WA),53033003000
5YJ3E1EB2M,Snohomish,Mill Creek,WA,98012,2021,TESLA,MODEL 3,Battery Electric Vehicle (BEV),Eligibility unknown as battery range has not been researched,0,0,44,179773303,POINT (-122.21061 47.83448),PUGET SOUND ENERGY INC,53061052008
YV4BR0CL6K,King,Seattle,WA,98125,2019,VOLVO,XC90,Plug-in Hybrid Electric Vehicle (PHEV),Not eligible due to low battery range,17,0,46,339523285,POINT (-122.30253 47.72656),CITY OF SEATTLE - (WA)|CITY OF TACOMA - (WA),53033002200
YSMFG3KA2R,Kitsap,Bainbridge Island,WA,98110,2024,POLESTAR,PS2,Battery Electric Vehicle (BEV),Eligibility unknown as battery range has not been researched,0,0,23,255478905,POINT (-122.521 47.62728),PUGET SOUND ENERGY INC,53035090800
5YJ3E1EA3N,King,Shoreline,WA,98133,2022,TESLA,MODEL 3,Battery Electric Vehicle (BEV),Eligibility unknown as battery range has not been researched,0,0,32,219045886,POINT (-122.35029 47.71871),CITY OF SEATTLE - (WA)|CITY OF TACOMA - (WA),53033020800
KNDJP3AE1G,King,Seattle,WA,98125,2016,KIA,SOUL,Battery Electric Vehicle (BEV),Clean Alternative Fuel Vehicle Eligible,93,31950,46,106774188,POINT (-122.30253 47.72656),CITY OF SEATTLE - (WA)|CITY OF TACOMA - (WA),53033000202
7SAYGDED5R,King,Seattle,WA,98177,2024,TESLA,MODEL Y,Battery Electric Vehicle (BEV),Eligibility unknown as battery range has not been researched,0,0,32,265725953,POINT (-122.36498 47.72238),CITY OF SEATTLE - (WA)|CITY OF TACOMA - (WA),53033000500
W1K6G6KB2R,King,Bellevue,WA,98004,2024,MERCEDES-BENZ,S-CLASS,Plug-in Hybrid Electric Vehicle (PHEV),Clean Alternative Fuel Vehicle Eligible,46,0,41,276913234,POINT (-122.1872 47.61001),PUGET SOUND ENERGY INC||CITY OF TACOMA - (WA),53033023807
7SAYGDEE4P,King,Woodinville,WA,98072,2023,TESLA,MODEL Y,Battery Electric Vehicle (BEV),Eligibility unknown as battery range has not been researched,0,0,45,255483791,POINT (-122.15545 47.75448),PUGET SOUND ENERGY INC||CITY OF TACOMA - (WA),53033021906
7SAYGAEE3P,King,Sammamish,WA,98075,2023,TESLA,MODEL Y,Battery Electric Vehicle (BEV),Eligibility unknown as battery range has not been researched,0,0,41,244456859,POINT (-122.03539 47.61344),PUGET SOUND ENERGY INC||CITY OF TACOMA - (WA),53033032224
1FT6W3L72R,Clark,Vancouver,WA,98662,2024,FORD,F-150,Battery Electric Vehicle (BEV),Eligibility unknown as battery range has not been researched,0,0,17,270074731,POINT (-122.57722 45.64251),BONNEVILLE POWER ADMINISTRATION||PUD NO 1 OF CLARK COUNTY - (WA),53011040703
7SAYGDEE2P,King,Renton,WA,98058,2023,TESLA,MODEL Y,Battery Electric Vehicle (BEV),Eligibility unknown as battery range has not been researched,0,0,11,252422817,POINT (-122.08747 47.4466),PUGET SOUND ENERGY INC||CITY OF TACOMA - (WA),53033029304
1N4BZ1CP1K,Clark,Vancouver,WA,98685,2019,NISSAN,LEAF,Battery Electric Vehicle (BEV),Clean Alternative Fuel Vehicle Eligible,150,0,49,132911509,POINT (-122.70303 45.70954),BONNEVILLE POWER ADMINISTRATION||PUD NO 1 OF CLARK COUNTY - (WA),53011040904
7SAYGDEE7P,King,Seattle,WA,98125,2023,TESLA,MODEL Y,Battery Electric Vehicle (BEV),Eligibility unknown as battery range has not been researched,0,0,46,256313340,POINT (-122.30253 47.72656),CITY OF SEATTLE - (WA)|CITY OF TACOMA - (WA),53033000700
1N4CZ1CVXR,King,Auburn,WA,98092,2024,NISSAN,LEAF,Battery Electric Vehicle (BEV),Eligibility unknown as battery range has not been researched,0,0,47,271662737,POINT (-122.1821 47.3199),PUGET SOUND ENERGY INC||CITY OF TACOMA - (WA),53033031207
1V2CMPE89P,King,Seattle,WA,98125,2023,VOLKSWAGEN,ID.4,Battery Electric Vehicle (BEV),Eligibility unknown as battery range has not been researched,0,0,46,228601677,POINT (-122.30253 47.72656),CITY OF SEATTLE - (WA)|CITY OF TACOMA - (WA),53033001202
5YJSA1E26H,King,Seattle,WA,98144,2017,TESLA,MODEL S,Battery Electric Vehicle (BEV),Clean Alternative Fuel Vehicle Eligible,210,0,37,168490528,POINT (-122.30866 47.57874),CITY OF SEATTLE - (WA)|CITY OF TACOMA - (WA),53033008900
WB533CF06P,King,Redmond,WA,98052,2023,BMW,IX,Battery Electric Vehicle (BEV),Eligibility unknown as battery range has not been researched,0,0,48,229720858,POINT (-122.13158 47.67858),PUGET SOUND ENERGY INC||CITY OF TACOMA - (WA),53033022606
5YJSA1E24H,King,Kirkland,WA,98033,2017,TESLA,MODEL S,Battery Electric Vehicle (BEV),Clean Alternative Fuel Vehicle Eligible,210,0,48,170487103,POINT (-122.2066 47.67887),PUGET SOUND ENERGY INC||CITY OF TACOMA - (WA),53033022501
7SAYGAEE9P,Clark,Vancouver,WA,98683,2023,TESLA,MODEL Y,Battery Electric Vehicle (BEV),Eligibility unknown as battery range has not been researched,0,0,17,227200991,POINT (-122.49212 45.60365),BONNEVILLE POWER ADMINISTRATION||PUD NO 1 OF CLARK COUNTY - (WA),53011041323
KNDAEFS54R,King,Bellevue,WA,98006,2024,KIA,EV9,Battery Electric Vehicle (BEV),Eligibility unknown as battery range has not been researched,0,0,41,273178020,POINT (-122.12096 47.55584),PUGET SOUND ENERGY INC||CITY OF TACOMA - (WA),53033023902
7SAYGDEE8R,King,Seattle,WA,98101,2024,TESLA,MODEL Y,Battery Electric Vehicle (BEV),Eligibility unknown as battery range has not been researched,0,0,43,261462792,POINT (-122.34223 47.61085),CITY OF SEATTLE - (WA)|CITY OF TACOMA - (WA),53033008300
WBY33AW09R,King,Kirkland,WA,98033,2024,BMW,I4,Battery Electric Vehicle (BEV),Eligibility unknown as battery range has not been researched,0,0,48,273580163,POINT (-122.2066 47.67887),PUGET SOUND ENERGY INC||CITY OF TACOMA - (WA),53033022501
KM8KRDDF2R,Clark,Vancouver,WA,98684,2024,HYUNDAI,IONIQ 5,Battery Electric Vehicle (BEV),Eligibility unknown as battery range has not been researched,0,0,17,274266247,POINT (-122.48723 45.63701),BONNEVILLE POWER ADMINISTRATION||PUD NO 1 OF CLARK COUNTY - (WA),53011041317
5YJ3E1EB0N,King,Kirkland,WA,98033,2022,TESLA,MODEL 3,Battery Electric Vehicle (BEV),Eligibility unknown as battery range has not been researched,0,0,45,183069323,POINT (-122.2066 47.67887),PUGET SOUND ENERGY INC||CITY OF TACOMA - (WA),53033022603
7SAYGDEE6S,King,Redmond,WA,98052,2025,TESLA,MODEL Y,Battery Electric Vehicle (BEV),Eligibility unknown as battery range has not been researched,0,0,45,273332860,POINT (-122.13158 47.67858),PUGET SOUND ENERGY INC||CITY OF TACOMA - (WA),53033032323
WA124BGF5S,Snohomish,Monroe,WA,98272,2025,AUDI,Q6,Battery Electric Vehicle (BEV),Eligibility unknown as battery range has not been researched,0,0,39,276419363,POINT (-121.98087 47.8526),PUGET SOUND ENERGY INC,53061052113
5YJ3E1EA3P,Kitsap,Olalla,WA,98359,2023,TESLA,MODEL 3,Battery Electric Vehicle (BEV),Eligibility unknown as battery range has not been researched,0,0,26,236528162,POINT (-122.54729 47.42602),PUGET SOUND ENERGY INC,53035092802
7SAYGDEF5N,King,Seattle,WA,98125,2022,TESLA,MODEL Y,Battery Electric Vehicle (BEV),Eligibility unknown as battery range has not been researched,0,0,46,216587143,POINT (-122.30253 47.72656),CITY OF SEATTLE - (WA)|CITY OF TACOMA - (WA),53033000602
1C4JJXP66P,Clark,Vancouver,WA,98684,2023,JEEP,WRANGLER,Plug-in Hybrid Electric Vehicle (PHEV),Not eligible due to low battery range,21,0,17,244322326,POINT (-122.48723 45.63701),BONNEVILLE POWER ADMINISTRATION||PUD NO 1 OF CLARK COUNTY - (WA),53011041317
5YJ3E1EB6M,King,Bellevue,WA,98004,2021,TESLA,MODEL 3,Battery Electric Vehicle (BEV),Eligibility unknown as battery range has not been researched,0,0,48,177860742,POINT (-122.1872 47.61001),PUGET SOUND ENERGY INC||CITY OF TACOMA - (WA),53033024001
7SAYGDEE4N,King,Newcastle,WA,98059,2022,TESLA,MODEL Y,Battery Electric Vehicle (BEV),Eligibility unknown as battery range has not been researched,0,0,41,207062530,POINT (-122.15734 47.48718),PUGET SOUND ENERGY INC||CITY OF TACOMA - (WA),53033025005
WVGRMPE28M,King,Seattle,WA,98122,2021,VOLKSWAGEN,ID.4,Battery Electric Vehicle (BEV),Eligibility unknown as battery range has not been researched,0,0,37,187452639,POINT (-122.31009 47.60803),CITY OF SEATTLE - (WA)|CITY OF TACOMA - (WA),53033008700
7SAXCBE55R,King,Bellevue,WA,98007,2024,TESLA,MODEL X,Battery Electric Vehicle (BEV),Eligibility unknown as battery range has not been researched,0,0,48,274118071,POINT (-122.12056 47.61334),PUGET SOUND ENERGY INC||CITY OF TACOMA - (WA),53033022804
5YJ3E1EA7J,King,Kirkland,WA,98034,2018,TESLA,MODEL 3,Battery Electric Vehicle (BEV),Clean Alternative Fuel Vehicle Eligible,215,0,1,287031223,POINT (-122.22901 47.72201),PUGET SOUND ENERGY INC||CITY OF TACOMA - (WA),53033022203
1FADP5CU6D,King,Bellevue,WA,98007,2013,FORD,C-MAX,Plug-in Hybrid Electric Vehicle (PHEV),Not eligible due to low battery range,19,0,48,476301437,POINT (-122.12056 47.61334),PUGET SOUND ENERGY INC||CITY OF TACOMA - (WA),53033023201
7SAYGDEF2P,King,Bothell,WA,98011,2023,TESLA,MODEL Y,Battery Electric Vehicle (BEV),Eligibility unknown as battery range has not been researched,0,0,1,260754574,POINT (-122.20563 47.76144),PUGET SOUND ENERGY INC||CITY OF TACOMA - (WA),53033022001
1G1RD6S50J,Clark,Vancouver,WA,98685,2018,CHEVROLET,VOLT,Plug-in Hybrid Electric Vehicle (PHEV),Clean Alternative Fuel Vehicle Eligible,53,0,18,167418835,POINT (-122.70303 45.70954),BONNEVILLE POWER ADMINISTRATION||PUD NO 1 OF CLARK COUNTY - (WA),53011040909
5YJYGDEE8M,King,Bellevue,WA,98008,2021,TESLA,MODEL Y,Battery Electric Vehicle (BEV),Eligibility unknown as battery range has not been researched,0,0,48,183291664,POINT (-122.11867 47.63131),PUGET SOUND ENERGY INC||CITY OF TACOMA - (WA),53033023000
5YJYGDEE2M,King,Kirkland,WA,98033,2021,TESLA,MODEL Y,Battery Electric Vehicle (BEV),Eligibility unknown as battery range has not been researched,0,0,48,180442895,POINT (-122.2066 47.67887),PUGET SOUND ENERGY INC||CITY OF TACOMA - (WA),53033022604
1C4JJXP60P,King,Seattle,WA,98112,2023,JEEP,WRANGLER,Plug-in Hybrid Electric Vehicle (PHEV),Not eligible due to low battery range,21,0,43,227453523,POINT (-122.30207 47.64085),CITY OF SEATTLE - (WA)|CITY OF TACOMA - (WA),53033006300
3GN7DPRR5R,Kitsap,Poulsbo,WA,98370,2024,CHEVROLET,EQUINOX EV,Battery Electric Vehicle (BEV),Eligibility unknown as battery range has not been researched,0,0,23,271960958,POINT (-122.64681 47.73689),PUGET SOUND ENERGY INC,53035090201
SAL1L9E49S,King,Issaquah,WA,98029,2025,LAND ROVER,RANGE ROVER SPORT,Plug-in Hybrid Electric Vehicle (PHEV),Clean Alternative Fuel Vehicle Eligible,60,0,5,272171532,POINT (-122.00292 47.54748),PUGET SOUND ENERGY INC||CITY OF TACOMA - (WA),53033032220
7SAYGDEE5R,King,Bellevue,WA,98006,2024,TESLA,MODEL Y,Battery Electric Vehicle (BEV),Eligibility unknown as battery range has not been researched,0,0,41,269468916,POINT (-122.12096 47.55584),PUGET SOUND ENERGY INC||CITY OF TACOMA - (WA),53033024701
5YJ3E1EA6P,King,Seattle,WA,98119,2023,TESLA,MODEL 3,Battery Electric Vehicle (BEV),Eligibility unknown as battery range has not been researched,0,0,36,272113859,POINT (-122.3684 47.64586),CITY OF SEATTLE - (WA)|CITY OF TACOMA - (WA),53033005804
1C4JJXN63P,King,Tukwila,WA,98188,2023,JEEP,WRANGLER,Plug-in Hybrid Electric Vehicle (PHEV),Not eligible due to low battery range,21,0,11,238145729,POINT (-122.29179 47.43473),PUGET SOUND ENERGY INC||CITY OF TACOMA - (WA),53033028200
3FMTK4SE4P,King,Burien,WA,98168,2023,FORD,MUSTANG MACH-E,Battery Electric Vehicle (BEV),Eligibility unknown as battery range has not been researched,0,0,33,263224384,POINT (-122.3317 47.50314),CITY OF SEATTLE - (WA)|CITY OF TACOMA - (WA),53033027400
5YJ3E1ET1R,Clark,Battle Ground,WA,98604,2024,TESLA,MODEL 3,Battery Electric Vehicle (BEV),Eligibility unknown as battery range has not been researched,0,0,18,274769820,POINT (-122.5331 45.78092),BONNEVILLE POWER ADMINISTRATION||PUD NO 1 OF CLARK COUNTY - (WA),53011040414
3FMTK3SU6R,Cowlitz,Kelso,WA,98626,2024,FORD,MUSTANG MACH-E,Battery Electric Vehicle (BEV),Eligibility unknown as battery range has not been researched,0,0,19,277716127,POINT (-122.89867 46.14424),BONNEVILLE POWER ADMINISTRATION||PUD NO 1 OF COWLITZ COUNTY,53015001200
5YJ3E1EB8L,King,Seatac,WA,98168,2020,TESLA,MODEL 3,Battery Electric Vehicle (BEV),Clean Alternative Fuel Vehicle Eligible,322,0,33,104701663,POINT (-122.3317 47.50314),CITY OF SEATTLE - (WA)|CITY OF TACOMA - (WA),53033027300
5YJ3E1EB5N,King,Woodinville,WA,98072,2022,TESLA,MODEL 3,Battery Electric Vehicle (BEV),Eligibility unknown as battery range has not been researched,0,0,45,207520393,POINT (-122.15545 47.75448),PUGET SOUND ENERGY INC||CITY OF TACOMA - (WA),53033021802
5YJ3E1EA2R,King,Kirkland,WA,98034,2024,TESLA,MODEL 3,Battery Electric Vehicle (BEV),Eligibility unknown as battery range has not been researched,0,0,45,267376749,POINT (-122.22901 47.72201),PUGET SOUND ENERGY INC||CITY OF TACOMA - (WA),53033022205
1V2HMPE89P,King,Seattle,WA,98125,2023,VOLKSWAGEN,ID.4,Battery Electric Vehicle (BEV),Eligibility unknown as battery range has not been researched,0,0,46,266900637,POINT (-122.30253 47.72656),CITY OF SEATTLE - (WA)|CITY OF TACOMA - (WA),53033000202
5YJ3E1EB8K,King,Duvall,WA,98019,2019,TESLA,MODEL 3,Battery Electric Vehicle (BEV),Clean Alternative Fuel Vehicle Eligible,220,0,45,476729200,POINT (-121.98609 47.74068),PUGET SOUND ENERGY INC||CITY OF TACOMA - (WA),53033032402
1C4JJXR62M,King,Bellevue,WA,98007,2021,JEEP,WRANGLER,Plug-in Hybrid Electric Vehicle (PHEV),Not eligible due to low battery range,21,0,48,157568064,POINT (-122.12056 47.61334),PUGET SOUND ENERGY INC||CITY OF TACOMA - (WA),53033023603
5YJ3E1EBXL,King,Seattle,WA,98125,2020,TESLA,MODEL 3,Battery Electric Vehicle (BEV),Clean Alternative Fuel Vehicle Eligible,322,0,46,166124297,POINT (-122.30253 47.72656),CITY OF SEATTLE - (WA)|CITY OF TACOMA - (WA),53033000300
1C4JJXR68M,Kitsap,Poulsbo,WA,98370,2021,JEEP,WRANGLER,Plug-in Hybrid Electric Vehicle (PHEV),Not eligible due to low battery range,21,0,23,175314821,POINT (-122.64681 47.73689),PUGET SOUND ENERGY INC,53035090501
7SAYGDEEXN,King,Duvall,WA,98019,2022,TESLA,MODEL Y,Battery Electric Vehicle (BEV),Eligibility unknown as battery range has not been researched,0,0,45,193211896,POINT (-121.98609 47.74068),PUGET SOUND ENERGY INC||CITY OF TACOMA - (WA),53033032402
5YJ3E1EB6J,King,Kirkland,WA,98033,2018,TESLA,MODEL 3,Battery Electric Vehicle (BEV),Clean Alternative Fuel Vehicle Eligible,215,0,45,237884993,POINT (-122.2066 47.67887),PUGET SOUND ENERGY INC||CITY OF TACOMA - (WA),53033022402
1FTVW1EV1N,Kitsap,Bainbridge Island,WA,98110,2022,FORD,F-150,Battery Electric Vehicle (BEV),Eligibility unknown as battery range has not been researched,0,0,23,218882534,POINT (-122.521 47.62728),PUGET SOUND ENERGY INC,53035090700
7SAYGDEE8S,King,Bothell,WA,98011,2025,TESLA,MODEL Y,Battery Electric Vehicle (BEV),Eligibility unknown as battery range has not been researched,0,0,1,273926229,POINT (-122.20563 47.76144),PUGET SOUND ENERGY INC||CITY OF TACOMA - (WA),53033021804
5YJ3E1EA0J,King,Bellevue,WA,98004,2018,TESLA,MODEL 3,Battery Electric Vehicle (BEV),Clean Alternative Fuel Vehicle Eligible,215,0,41,227350203,POINT (-122.1872 47.61001),PUGET SOUND ENERGY INC||CITY OF TACOMA - (WA),53033023807
7SAYGDEE7P,King,Bellevue,WA,98007,2023,TESLA,MODEL Y,Battery Electric Vehicle (BEV),Eligibility unknown as battery range has not been researched,0,0,48,252483458,POINT (-122.12056 47.61334),PUGET SOUND ENERGY INC||CITY OF TACOMA - (WA),53033023201
3GN7DNRP4R,King,Enumclaw,WA,98022,2024,CHEVROLET,EQUINOX EV,Battery Electric Vehicle (BEV),Eligibility unknown as battery range has not been researched,0,0,31,267657505,POINT (-121.99136 47.20433),PUGET SOUND ENERGY INC||CITY OF TACOMA - (WA),53033031400
3FMTK3SU0R,King,Kirkland,WA,98034,2024,FORD,MUSTANG MACH-E,Battery Electric Vehicle (BEV),Eligibility unknown as battery range has not been researched,0,0,1,273440842,POINT (-122.22901 47.72201),PUGET SOUND ENERGY INC||CITY OF TACOMA - (WA),53033022300
7G2CEHEDXR,King,Redmond,WA,98052,2024,TESLA,CYBERTRUCK,Battery Electric Vehicle (BEV),Eligibility unknown as battery range has not been researched,0,0,48,269095081,POINT (-122.13158 47.67858),PUGET SOUND ENERGY INC||CITY OF TACOMA - (WA),53033022802
5YJYGDEEXM,Snohomish,Lynnwood,WA,98087,2021,TESLA,MODEL Y,Battery Electric Vehicle (BEV),Eligibility unknown as battery range has not been researched,0,0,21,180703582,POINT (-122.27981 47.85727),PUGET SOUND ENERGY INC,53061051804
5YJ3E1EB5S,Clark,Vancouver,WA,98662,2025,TESLA,MODEL 3,Battery Electric Vehicle (BEV),Eligibility unknown as battery range has not been researched,0,0,17,273612307,POINT (-122.57722 45.64251),BONNEVILLE POWER ADMINISTRATION||PUD NO 1 OF CLARK COUNTY - (WA),53011040709
1N4BZ0CP5G,King,Seattle,WA,98125,2016,NISSAN,LEAF,Battery Electric Vehicle (BEV),Clean Alternative Fuel Vehicle Eligible,84,0,46,349455557,POINT (-122.30253 47.72656),CITY OF SEATTLE - (WA)|CITY OF TACOMA - (WA),53033000202
1N4AZ0CP4D,Yakima,Toppenish,WA,98948,2013,NISSAN,LEAF,Battery Electric Vehicle (BEV),Clean Alternative Fuel Vehicle Eligible,75,0,15,133798493,POINT (-120.31298 46.37508),PACIFICORP,53077940006
1FADP5CU5D,Snohomish,Everett,WA,98204,2013,FORD,C-MAX,Plug-in Hybrid Electric Vehicle (PHEV),Not eligible due to low battery range,19,0,21,148889758,POINT (-122.27557 47.88936),PUGET SOUND ENERGY INC,53061041815
7SAYGDEE0P,King,Burien,WA,98166,2023,TESLA,MODEL Y,Battery Electric Vehicle (BEV),Eligibility unknown as battery range has not been researched,0,0,34,252202492,POINT (-122.34102 47.46593),PUGET SOUND ENERGY INC||CITY OF TACOMA - (WA),53033027600
5YJSA1E20J,King,Redmond,WA,98052,2018,TESLA,MODEL S,Battery Electric Vehicle (BEV),Clean Alternative Fuel Vehicle Eligible,249,0,45,100711488,POINT (-122.13158 47.67858),PUGET SOUND ENERGY INC||CITY OF TACOMA - (WA),53033032323
WVGUNPE23N,King,Bothell,WA,98011,2022,VOLKSWAGEN,ID.4,Battery Electric Vehicle (BEV),Eligibility unknown as battery range has not been researched,0,0,1,224122132,POINT (-122.20563 47.76144),PUGET SOUND ENERGY INC||CITY OF TACOMA - (WA),53033021804
7SAYGDEEXP,King,Renton,WA,98055,2023,TESLA,MODEL Y,Battery Electric Vehicle (BEV),Eligibility unknown as battery range has not been researched,0,0,33,244459736,POINT (-122.197 47.43876),PUGET SOUND ENERGY INC||CITY OF TACOMA - (WA),53033029309
5YJYGDEF0M,King,Kent,WA,98031,2021,TESLA,MODEL Y,Battery Electric Vehicle (BEV),Eligibility unknown as battery range has not been researched,0,0,47,166336341,POINT (-122.17743 47.41185),PUGET SOUND ENERGY INC||CITY OF TACOMA - (WA),53033029407
7SAYGDEE7P,King,Bellevue,WA,98004,2023,TESLA,MODEL Y,Battery Electric Vehicle (BEV),Eligibility unknown as battery range has not been researched,0,0,48,241428190,POINT (-122.1872 47.61001),PUGET SOUND ENERGY INC||CITY OF TACOMA - (WA),53033024001
KMUKB4SA2R,King,Bothell,WA,98011,2024,GENESIS,GV60,Battery Electric Vehicle (BEV),Eligibility unknown as battery range has not been researched,0,0,1,265087399,POINT (-122.20563 47.76144),PUGET SOUND ENERGY INC||CITY OF TACOMA - (WA),53033022001
7SAYGDEF7N,King,Redmond,WA,98052,2022,TESLA,MODEL Y,Battery Electric Vehicle (BEV),Eligibility unknown as battery range has not been researched,0,0,45,193935339,POINT (-122.13158 47.67858),PUGET SOUND ENERGY INC||CITY OF TACOMA - (WA),53033032330
5YJ3E1EB4N,Cowlitz,Kelso,WA,98626,2022,TESLA,MODEL 3,Battery Electric Vehicle (BEV),Eligibility unknown as battery range has not been researched,0,0,19,272340876,POINT (-122.89867 46.14424),BONNEVILLE POWER ADMINISTRATION||PUD NO 1 OF COWLITZ COUNTY,53015000902
1N4AZ1CP9J,Kitsap,Bainbridge Island,WA,98110,2018,NISSAN,LEAF,Battery Electric Vehicle (BEV),Clean Alternative Fuel Vehicle Eligible,151,0,23,347927401,POINT (-122.521 47.62728),PUGET SOUND ENERGY INC,53035090800
5YJ3E1EA0J,Clark,Vancouver,WA,98664,2018,TESLA,MODEL 3,Battery Electric Vehicle (BEV),Clean Alternative Fuel Vehicle Eligible,215,0,49,263074143,POINT (-122.59219 45.62158),BONNEVILLE POWER ADMINISTRATION||PUD NO 1 OF CLARK COUNTY - (WA),53011041206
5YJ3E1EB7J,King,Bellevue,WA,98005,2018,TESLA,MODEL 3,Battery Electric Vehicle (BEV),Clean Alternative Fuel Vehicle Eligible,215,0,48,106103203,POINT (-122.1621 47.64441),PUGET SOUND ENERGY INC||CITY OF TACOMA - (WA),53033023701
KM8KRDDF7R,Kitsap,Olalla,WA,98359,2024,HYUNDAI,IONIQ 5,Battery Electric Vehicle (BEV),Eligibility unknown as battery range has not been researched,0,0,26,276430122,POINT (-122.54729 47.42602),PUGET SOUND ENERGY INC,53035092803
KNDCC3LG5K,King,Kent,WA,98031,2019,KIA,NIRO,Battery Electric Vehicle (BEV),Clean Alternative Fuel Vehicle Eligible,239,0,47,478288625,POINT (-122.17743 47.41185),PUGET SOUND ENERGY INC||CITY OF TACOMA - (WA),53033029406
1GYKPMRK4R,King,Seattle,WA,98112,2024,CADILLAC,LYRIQ,Battery Electric Vehicle (BEV),Eligibility unknown as battery range has not been researched,0,0,43,268485913,POINT (-122.30207 47.64085),CITY OF SEATTLE - (WA)|CITY OF TACOMA - (WA),53033006500
5YJSA1E22J,King,Seattle,WA,98177,2018,TESLA,MODEL S,Battery Electric Vehicle (BEV),Clean Alternative Fuel Vehicle Eligible,249,0,32,200539230,POINT (-122.36498 47.72238),CITY OF SEATTLE - (WA)|CITY OF TACOMA - (WA),53033000500
5YJ3E1EB0J,Snohomish,Everett,WA,98208,2018,TESLA,MODEL 3,Battery Electric Vehicle (BEV),Clean Alternative Fuel Vehicle Eligible,215,0,44,475380167,POINT (-122.18637 47.89251),PUGET SOUND ENERGY INC,53061041701
1N4AZ1CV4N,Clark,Vancouver,WA,98682,2022,NISSAN,LEAF,Battery Electric Vehicle (BEV),Eligibility unknown as battery range has not been researched,0,0,17,273147101,POINT (-122.55149 45.69345),BONNEVILLE POWER ADMINISTRATION||PUD NO 1 OF CLARK COUNTY - (WA),53011041313
WA1CAAGE5R,King,Seattle,WA,98177,2024,AUDI,Q8,Battery Electric Vehicle (BEV),Eligibility unknown as battery range has not been researched,0,0,32,260209092,POINT (-122.36498 47.72238),CITY OF SEATTLE - (WA)|CITY OF TACOMA - (WA),53033000402
JTMFB3FV3R,Clark,Vancouver,WA,98685,2024,TOYOTA,RAV4 PRIME,Plug-in Hybrid Electric Vehicle (PHEV),Clean Alternative Fuel Vehicle Eligible,42,0,18,273478173,POINT (-122.70303 45.70954),BONNEVILLE POWER ADMINISTRATION||PUD NO 1 OF CLARK COUNTY - (WA),53011040907
7FCTGAAA3P,King,Kirkland,WA,98033,2023,RIVIAN,R1T,Battery Electric Vehicle (BEV),Eligibility unknown as battery range has not been researched,0,0,45,233620894,POINT (-122.2066 47.67887),PUGET SOUND ENERGY INC||CITY OF TACOMA - (WA),53033022401
WBY73AW00P,King,Kent,WA,98042,2023,BMW,I4,Battery Electric Vehicle (BEV),Eligibility unknown as battery range has not been researched,0,0,47,253040301,POINT (-122.09124 47.33778),PUGET SOUND ENERGY INC||CITY OF TACOMA - (WA),53033031800
5YJ3E1EA6M,King,Renton,WA,98058,2021,TESLA,MODEL 3,Battery Electric Vehicle (BEV),Eligibility unknown as battery range has not been researched,0,0,11,179824193,POINT (-122.08747 47.4466),PUGET SOUND ENERGY INC||CITY OF TACOMA - (WA),53033031910
JTDKARFP6J,King,Seattle,WA,98125,2018,TOYOTA,PRIUS PRIME,Plug-in Hybrid Electric Vehicle (PHEV),Not eligible due to low battery range,25,0,46,122110054,POINT (-122.30253 47.72656),CITY OF SEATTLE - (WA)|CITY OF TACOMA - (WA),53033002200
7SAYGDEE8N,King,Seattle,WA,98122,2022,TESLA,MODEL Y,Battery Electric Vehicle (BEV),Eligibility unknown as battery range has not been researched,0,0,37,193617252,POINT (-122.31009 47.60803),CITY OF SEATTLE - (WA)|CITY OF TACOMA - (WA),53033007901
7SAYGDEE7P,King,Newcastle,WA,98056,2023,TESLA,MODEL Y,Battery Electric Vehicle (BEV),Eligibility unknown as battery range has not been researched,0,0,41,254875036,POINT (-122.1805 47.50006),PUGET SOUND ENERGY INC||CITY OF TACOMA - (WA),53033024703
JTDKARFP6L,King,Seattle,WA,98133,2020,TOYOTA,PRIUS PRIME,Plug-in Hybrid Electric Vehicle (PHEV),Not eligible due to low battery range,25,0,36,233030045,POINT (-122.35029 47.71871),CITY OF SEATTLE - (WA)|CITY OF TACOMA - (WA),53033001702
1G1RA6S57H,King,Kirkland,WA,98033,2017,CHEVROLET,VOLT,Plug-in Hybrid Electric Vehicle (PHEV),Clean Alternative Fuel Vehicle Eligible,53,0,48,291988350,POINT (-122.2066 47.67887),PUGET SOUND ENERGY INC||CITY OF TACOMA - (WA),53033022501
5YJ3E1EBXK,King,Bellevue,WA,98004,2019,TESLA,MODEL 3,Battery Electric Vehicle (BEV),Clean Alternative Fuel Vehicle Eligible,220,0,48,328772755,POINT (-122.1872 47.61001),PUGET SOUND ENERGY INC||CITY OF TACOMA - (WA),53033024001
5YJSA1E24K,King,Newcastle,WA,98059,2019,TESLA,MODEL S,Battery Electric Vehicle (BEV),Clean Alternative Fuel Vehicle Eligible,270,0,41,236484839,POINT (-122.15734 47.48718),PUGET SOUND ENERGY INC||CITY OF TACOMA - (WA),53033025005
3FMTK3RM0P,King,Burien,WA,98166,2023,FORD,MUSTANG MACH-E,Battery Electric Vehicle (BEV),Eligibility unknown as battery range has not been researched,0,0,34,251030454,POINT (-122.34102 47.46593),PUGET SOUND ENERGY INC||CITY OF TACOMA - (WA),53033027902
WB523CF09R,Snohomish,Mill Creek,WA,98012,2024,BMW,IX,Battery Electric Vehicle (BEV),Eligibility unknown as battery range has not been researched,0,0,44,252802749,POINT (-122.21061 47.83448),PUGET SOUND ENERGY INC,53061041704
5YJ3E1EA6S,Cowlitz,Kelso,WA,98626,2025,TESLA,MODEL 3,Battery Electric Vehicle (BEV),Eligibility unknown as battery range has not been researched,0,0,19,275334601,POINT (-122.89867 46.14424),BONNEVILLE POWER ADMINISTRATION||PUD NO 1 OF COWLITZ COUNTY,53015001200
WA15AAGE8R,King,Kirkland,WA,98033,2024,AUDI,Q8,Battery Electric Vehicle (BEV),Eligibility unknown as battery range has not been researched,0,0,45,267437103,POINT (-122.2066 47.67887),PUGET SOUND ENERGY INC||CITY OF TACOMA - (WA),53033022401
KNDCE3LGXK,King,Redmond,WA,98052,2019,KIA,NIRO,Battery Electric Vehicle (BEV),Clean Alternative Fuel Vehicle Eligible,239,0,45,108897169,POINT (-122.13158 47.67858),PUGET SOUND ENERGY INC||CITY OF TACOMA - (WA),53033032323
1N4AZ0CP4D,Kitsap,Port Orchard,WA,98367,2013,NISSAN,LEAF,Battery Electric Vehicle (BEV),Clean Alternative Fuel Vehicle Eligible,75,0,26,264458995,POINT (-122.68516 47.50645),PUGET SOUND ENERGY INC,53035092902
KM8KRDDFXR,King,Kirkland,WA,98033,2024,HYUNDAI,IONIQ 5,Battery Electric Vehicle (BEV),Eligibility unknown as battery range has not been researched,0,0,48,273484207,POINT (-122.2066 47.67887),PUGET SOUND ENERGY INC||CITY OF TACOMA - (WA),53033022604
7SAXCBE65R,King,Seattle,WA,98125,2024,TESLA,MODEL X,Battery Electric Vehicle (BEV),Eligibility unknown as battery range has not been researched,0,0,46,269760396,POINT (-122.30253 47.72656),CITY OF SEATTLE - (WA)|CITY OF TACOMA - (WA),53033000601
7SAYGDEE5R,King,Bellevue,WA,98004,2024,TESLA,MODEL Y,Battery Electric Vehicle (BEV),Eligibility unknown as battery range has not been researched,0,0,41,267849921,POINT (-122.1872 47.61001),PUGET SOUND ENERGY INC||CITY OF TACOMA - (WA),53033023801
7SAYGDEF7P,King,Bothell,WA,98011,2023,TESLA,MODEL Y,Battery Electric Vehicle (BEV),Eligibility unknown as battery range has not been researched,0,0,1,225926046,POINT (-122.20563 47.76144),PUGET SOUND ENERGY INC||CITY OF TACOMA - (WA),53033022001
7SAYGDEE5P,King,Seattle,WA,98106,2023,TESLA,MODEL Y,Battery Electric Vehicle (BEV),Eligibility unknown as battery range has not been researched,0,0,34,233848464,POINT (-122.35163 47.54287),CITY OF SEATTLE - (WA)|CITY OF TACOMA - (WA),53033011300
5YJ3E1EA1L,King,Redmond,WA,98052,2020,TESLA,MODEL 3,Battery Electric Vehicle (BEV),Clean Alternative Fuel Vehicle Eligible,266,0,45,8719168,POINT (-122.13158 47.67858),PUGET SOUND ENERGY INC||CITY OF TACOMA - (WA),53033032321
5YJ3E1EAXP,King,Sammamish,WA,98074,2023,TESLA,MODEL 3,Battery Electric Vehicle (BEV),Eligibility unknown as battery range has not been researched,0,0,45,238394173,POINT (-122.02054 47.60326),PUGET SOUND ENERGY INC||CITY OF TACOMA - (WA),53033032318
5YJ3E1EA4P,King,Seattle,WA,98177,2023,TESLA,MODEL 3,Battery Electric Vehicle (BEV),Eligibility unknown as battery range has not been researched,0,0,32,235989736,POINT (-122.36498 47.72238),CITY OF SEATTLE - (WA)|CITY OF TACOMA - (WA),53033000403
1C4JJXP6XP,Jefferson,Port Ludlow,WA,98365,2023,JEEP,WRANGLER,Plug-in Hybrid Electric Vehicle (PHEV),Not eligible due to low battery range,21,0,24,241746060,POINT (-122.68475 47.92989),BONNEVILLE POWER ADMINISTRATION||PUGET SOUND ENERGY INC||PUD NO 1 OF JEFFERSON COUNTY,53031950301
7G2CEHED3R,King,Kirkland,WA,98033,2024,TESLA,CYBERTRUCK,Battery Electric Vehicle (BEV),Eligibility unknown as battery range has not been researched,0,0,48,266679969,POINT (-122.2066 47.67887),PUGET SOUND ENERGY INC||CITY OF TACOMA - (WA),53033022604
1G1FX6S02P,King,Tukwila,WA,98188,2023,CHEVROLET,BOLT EV,Battery Electric Vehicle (BEV),Eligibility unknown as battery range has not been researched,0,0,11,237805270,POINT (-122.29179 47.43473),PUGET SOUND ENERGY INC||CITY OF TACOMA - (WA),53033028200
7SAYGAEE8R,King,Newcastle,WA,98056,2024,TESLA,MODEL Y,Battery Electric Vehicle (BEV),Eligibility unknown as battery range has not been researched,0,0,41,269405496,POINT (-122.1805 47.50006),PUGET SOUND ENERGY INC||CITY OF TACOMA - (WA),53033024704
KNDCC3LD3J,King,Redmond,WA,98052,2018,KIA,NIRO,Plug-in Hybrid Electric Vehicle (PHEV),Not eligible due to low battery range,26,0,45,195678801,POINT (-122.13158 47.67858),PUGET SOUND ENERGY INC||CITY OF TACOMA - (WA),53033032324
5YJSA1E6XP,King,Seattle,WA,98177,2023,TESLA,MODEL S,Battery Electric Vehicle (BEV),Eligibility unknown as battery range has not been researched,0,0,32,253841297,POINT (-122.36498 47.72238),CITY OF SEATTLE - (WA)|CITY OF TACOMA - (WA),53033000500
YV4H600A3P,King,Issaquah,WA,98027,2023,VOLVO,XC90,Plug-in Hybrid Electric Vehicle (PHEV),Clean Alternative Fuel Vehicle Eligible,32,0,5,227359303,POINT (-122.03439 47.5301),PUGET SOUND ENERGY INC||CITY OF TACOMA - (WA),53033032104
5YJYGAEE0M,King,Bellevue,WA,98004,2021,TESLA,MODEL Y,Battery Electric Vehicle (BEV),Eligibility unknown as battery range has not been researched,0,0,41,166966796,POINT (-122.1872 47.61001),PUGET SOUND ENERGY INC||CITY OF TACOMA - (WA),53033023807
WBY33FK02R,Snohomish,Stanwood,WA,98292,2024,BMW,I5,Battery Electric Vehicle (BEV),Eligibility unknown as battery range has not been researched,0,0,10,262259777,POINT (-122.37265 48.24159),PUGET SOUND ENERGY INC,53061053102
7SAXCBE60P,Clark,Camas,WA,98607,2023,TESLA,MODEL X,Battery Electric Vehicle (BEV),Eligibility unknown as battery range has not been researched,0,0,18,254948270,POINT (-122.40199 45.58694),BONNEVILLE POWER ADMINISTRATION||PUD NO 1 OF CLARK COUNTY - (WA),53011041325
5YJ3E1EB3L,King,Seattle,WA,98177,2020,TESLA,MODEL 3,Battery Electric Vehicle (BEV),Clean Alternative Fuel Vehicle Eligible,322,0,32,111612917,POINT (-122.36498 47.72238),CITY OF SEATTLE - (WA)|CITY OF TACOMA - (WA),53033000500
1N4AZ1CP1J,Clark,Vancouver,WA,98686,2018,NISSAN,LEAF,Battery Electric Vehicle (BEV),Clean Alternative Fuel Vehicle Eligible,151,0,17,183511933,POINT (-122.62731 45.71668),BONNEVILLE POWER ADMINISTRATION||PUD NO 1 OF CLARK COUNTY - (WA),53011040812
7SAYGAEE1P,King,Kirkland,WA,98034,2023,TESLA,MODEL Y,Battery Electric Vehicle (BEV),Eligibility unknown as battery range has not been researched,0,0,1,229852171,POINT (-122.22901 47.72201),PUGET SOUND ENERGY INC||CITY OF TACOMA - (WA),53033022300
1V2WNPE83P,King,Sammamish,WA,98074,2023,VOLKSWAGEN,ID.4,Battery Electric Vehicle (BEV),Eligibility unknown as battery range has not been researched,0,0,45,260158216,POINT (-122.02054 47.60326),PUGET SOUND ENERGY INC||CITY OF TACOMA - (WA),53033032316
7SAYGDEE5R,King,Renton,WA,98056,2024,TESLA,MODEL Y,Battery Electric Vehicle (BEV),Eligibility unknown as battery range has not been researched,0,0,41,266543035,POINT (-122.1805 47.50006),PUGET SOUND ENERGY INC||CITY OF TACOMA - (WA),53033025304
WP0AA2Y14N,King,Kirkland,WA,98033,2022,PORSCHE,TAYCAN,Battery Electric Vehicle (BEV),Eligibility unknown as battery range has not been researched,0,0,48,202769752,POINT (-122.2066 47.67887),PUGET SOUND ENERGY INC||CITY OF TACOMA - (WA),53033022603
5YJYGDEF6M,King,Redmond,WA,98052,2021,TESLA,MODEL Y,Battery Electric Vehicle (BEV),Eligibility unknown as battery range has not been researched,0,0,45,170424789,POINT (-122.13158 47.67858),PUGET SOUND ENERGY INC||CITY OF TACOMA - (WA),53033032323
7SAYGDED3P,Clark,Vancouver,WA,98682,2023,TESLA,MODEL Y,Battery Electric Vehicle (BEV),Eligibility unknown as battery range has not been researched,0,0,17,260646375,POINT (-122.55149 45.69345),BONNEVILLE POWER ADMINISTRATION||PUD NO 1 OF CLARK COUNTY - (WA),53011040713
4JGDM2EB8P,King,Bellevue,WA,98005,2023,MERCEDES-BENZ,EQS-CLASS SUV,Battery Electric Vehicle (BEV),Eligibility unknown as battery range has not been researched,0,0,41,245450131,POINT (-122.1621 47.64441),PUGET SOUND ENERGY INC||CITY OF TACOMA - (WA),53033023601
5YJSA1DN6D,King,Seattle,WA,98115,2013,TESLA,MODEL S,Battery Electric Vehicle (BEV),Clean Alternative Fuel Vehicle Eligible,208,69900,46,228504272,POINT (-122.31676 47.68156),CITY OF SEATTLE - (WA)|CITY OF TACOMA - (WA),53033002000
1N4CZ1CV8P,King,Kirkland,WA,98034,2023,NISSAN,LEAF,Battery Electric Vehicle (BEV),Eligibility unknown as battery range has not been researched,0,0,45,233081404,POINT (-122.22901 47.72201),PUGET SOUND ENERGY INC||CITY OF TACOMA - (WA),53033022005
JTDACACU7R,Clark,Brush Prairie,WA,98606,2024,TOYOTA,PRIUS PRIME,Plug-in Hybrid Electric Vehicle (PHEV),Clean Alternative Fuel Vehicle Eligible,39,0,17,275282185,POINT (-122.54578 45.73473),BONNEVILLE POWER ADMINISTRATION||PUD NO 1 OF CLARK COUNTY - (WA),53011040715
1C4RJXN68R,Clark,Vancouver,WA,98685,2024,JEEP,WRANGLER,Plug-in Hybrid Electric Vehicle (PHEV),Not eligible due to low battery range,21,0,18,262934304,POINT (-122.70303 45.70954),BONNEVILLE POWER ADMINISTRATION||PUD NO 1 OF CLARK COUNTY - (WA),53011040909
2C4RC1N74J,King,Sammamish,WA,98075,2018,CHRYSLER,PACIFICA,Plug-in Hybrid Electric Vehicle (PHEV),Clean Alternative Fuel Vehicle Eligible,33,0,41,339698152,POINT (-122.03539 47.61344),PUGET SOUND ENERGY INC||CITY OF TACOMA - (WA),53033032215
5NMMCET11P,King,Kirkland,WA,98034,2023,GENESIS,GV70,Battery Electric Vehicle (BEV),Eligibility unknown as battery range has not been researched,0,0,1,238028535,POINT (-122.22901 47.72201),PUGET SOUND ENERGY INC||CITY OF TACOMA - (WA),53033022201
3FMTK2SU9N,Kitsap,Port Orchard,WA,98367,2022,FORD,MUSTANG MACH-E,Battery Electric Vehicle (BEV),Eligibility unknown as battery range has not been researched,0,0,26,213656166,POINT (-122.68516 47.50645),PUGET SOUND ENERGY INC,53035092902
YV4BR0CL9M,Kitsap,Bainbridge Island,WA,98110,2021,VOLVO,XC90,Plug-in Hybrid Electric Vehicle (PHEV),Not eligible due to low battery range,18,0,23,138948372,POINT (-122.521 47.62728),PUGET SOUND ENERGY INC,53035090700
7SAYGAEE4P,King,Renton,WA,98058,2023,TESLA,MODEL Y,Battery Electric Vehicle (BEV),Eligibility unknown as battery range has not been researched,0,0,11,262342559,POINT (-122.08747 47.4466),PUGET SOUND ENERGY INC||CITY OF TACOMA - (WA),53033025803
5YJYGDEE8M,King,Kirkland,WA,98034,2021,TESLA,MODEL Y,Battery Electric Vehicle (BEV),Eligibility unknown as battery range has not been researched,0,0,45,152425206,POINT (-122.22901 47.72201),PUGET SOUND ENERGY INC||CITY OF TACOMA - (WA),53033021904
5YJSA1E54P,King,Kirkland,WA,98034,2023,TESLA,MODEL S,Battery Electric Vehicle (BEV),Eligibility unknown as battery range has not been researched,0,0,45,227447734,POINT (-122.22901 47.72201),PUGET SOUND ENERGY INC||CITY OF TACOMA - (WA),53033021904
5YJ3E1EA5R,King,Bothell,WA,98011,2024,TESLA,MODEL 3,Battery Electric Vehicle (BEV),Eligibility unknown as battery range has not been researched,0,0,1,272123106,POINT (-122.20563 47.76144),PUGET SOUND ENERGY INC||CITY OF TACOMA - (WA),53033022001
5YJ3E1EB1N,Kitsap,Poulsbo,WA,98370,2022,TESLA,MODEL 3,Battery Electric Vehicle (BEV),Eligibility unknown as battery range has not been researched,0,0,23,196376547,POINT (-122.64681 47.73689),PUGET SOUND ENERGY INC,53035091205
50EA1GBA1N,King,Kirkland,WA,98034,2022,LUCID,AIR,Battery Electric Vehicle (BEV),Eligibility unknown as battery range has not been researched,0,0,1,198919500,POINT (-122.22901 47.72201),PUGET SOUND ENERGY INC||CITY OF TACOMA - (WA),53033022203
5YJYGDEF2L,King,Kent,WA,98030,2020,TESLA,MODEL Y,Battery Electric Vehicle (BEV),Clean Alternative Fuel Vehicle Eligible,291,0,47,267634251,POINT (-122.19975 47.37483),PUGET SOUND ENERGY INC||CITY OF TACOMA - (WA),53033029505
1V2DSPE82R,King,Burien,WA,98168,2024,VOLKSWAGEN,ID.4,Battery Electric Vehicle (BEV),Eligibility unknown as battery range has not been researched,0,0,34,276415331,POINT (-122.3317 47.50314),CITY OF SEATTLE - (WA)|CITY OF TACOMA - (WA),53033027400
7SAYGDEE6P,King,Seattle,WA,98178,2023,TESLA,MODEL Y,Battery Electric Vehicle (BEV),Eligibility unknown as battery range has not been researched,0,0,37,232958337,POINT (-122.23825 47.49461),CITY OF SEATTLE - (WA)|CITY OF TACOMA - (WA),53033011902
5YJ3E1EA1L,King,Seattle,WA,98125,2020,TESLA,MODEL 3,Battery Electric Vehicle (BEV),Clean Alternative Fuel Vehicle Eligible,266,0,46,104304980,POINT (-122.30253 47.72656),CITY OF SEATTLE - (WA)|CITY OF TACOMA - (WA),53033000101
1V2WNPE89P,King,Seattle,WA,98125,2023,VOLKSWAGEN,ID.4,Battery Electric Vehicle (BEV),Eligibility unknown as battery range has not been researched,0,0,46,253534928,POINT (-122.30253 47.72656),CITY OF SEATTLE - (WA)|CITY OF TACOMA - (WA),53033000202
YV4ED3GB9N,King,Seattle,WA,98119,2022,VOLVO,C40,Battery Electric Vehicle (BEV),Eligibility unknown as battery range has not been researched,0,0,36,265040331,POINT (-122.3684 47.64586),CITY OF SEATTLE - (WA)|CITY OF TACOMA - (WA),53033006800
7SAXCBE69P,King,Bellevue,WA,98004,2023,TESLA,MODEL X,Battery Electric Vehicle (BEV),Eligibility unknown as battery range has not been researched,0,0,41,245596571,POINT (-122.1872 47.61001),PUGET SOUND ENERGY INC||CITY OF TACOMA - (WA),53033023808
5UXKT0C53G,King,Bellevue,WA,98004,2016,BMW,X5,Plug-in Hybrid Electric Vehicle (PHEV),Not eligible due to low battery range,14,0,48,267682530,POINT (-122.1872 47.61001),PUGET SOUND ENERGY INC||CITY OF TACOMA - (WA),53033023805
7SAYGAEE3P,King,Renton,WA,98056,2023,TESLA,MODEL Y,Battery Electric Vehicle (BEV),Eligibility unknown as battery range has not been researched,0,0,11,245484606,POINT (-122.1805 47.50006),PUGET SOUND ENERGY INC||CITY OF TACOMA - (WA),53033025500
KM8KN4DE2R,King,Seattle,WA,98177,2024,HYUNDAI,IONIQ 5,Battery Electric Vehicle (BEV),Eligibility unknown as battery range has not been researched,0,0,36,263216257,POINT (-122.36498 47.72238),CITY OF SEATTLE - (WA)|CITY OF TACOMA - (WA),53033001600
1FT6W3L75R,Thurston,Olympia,WA,98512,2024,FORD,F-150,Battery Electric Vehicle (BEV),Eligibility unknown as battery range has not been researched,0,0,35,275771296,POINT (-122.9131 47.01359),PUGET SOUND ENERGY INC,53067011810
JM3KKBHA2R,King,Kirkland,WA,98033,2024,MAZDA,CX-90,Plug-in Hybrid Electric Vehicle (PHEV),Not eligible due to low battery range,26,0,48,258258311,POINT (-122.2066 47.67887),PUGET SOUND ENERGY INC||CITY OF TACOMA - (WA),53033022501
1G1FX6S06H,King,Seattle,WA,98115,2017,CHEVROLET,BOLT EV,Battery Electric Vehicle (BEV),Clean Alternative Fuel Vehicle Eligible,238,0,43,344298104,POINT (-122.31676 47.68156),CITY OF SEATTLE - (WA)|CITY OF TACOMA - (WA),53033002600
5YJ3E1EA1R,King,Bellevue,WA,98004,2024,TESLA,MODEL 3,Battery Electric Vehicle (BEV),Eligibility unknown as battery range has not been researched,0,0,48,267186153,POINT (-122.1872 47.61001),PUGET SOUND ENERGY INC||CITY OF TACOMA - (WA),53033023806
7SAYGDEE0N,King,Sammamish,WA,98075,2022,TESLA,MODEL Y,Battery Electric Vehicle (BEV),Eligibility unknown as battery range has not been researched,0,0,41,219472263,POINT (-122.03539 47.61344),PUGET SOUND ENERGY INC||CITY OF TACOMA - (WA),53033032224
7SAYGDEE9P,King,Kent,WA,98030,2023,TESLA,MODEL Y,Battery Electric Vehicle (BEV),Eligibility unknown as battery range has not been researched,0,0,47,249950256,POINT (-122.19975 47.37483),PUGET SOUND ENERGY INC||CITY OF TACOMA - (WA),53033029507
YV1BK0EP0L,Clark,Vancouver,WA,98685,2020,VOLVO,V60,Plug-in Hybrid Electric Vehicle (PHEV),Not eligible due to low battery range,22,0,18,249332170,POINT (-122.70303 45.70954),BONNEVILLE POWER ADMINISTRATION||PUD NO 1 OF CLARK COUNTY - (WA),53011040907
1N4AZ1CP3J,King,Tukwila,WA,98168,2018,NISSAN,LEAF,Battery Electric Vehicle (BEV),Clean Alternative Fuel Vehicle Eligible,151,0,11,177698762,POINT (-122.3317 47.50314),CITY OF SEATTLE - (WA)|CITY OF TACOMA - (WA),53033027200
1N4AZ0CP3D,King,Seattle,WA,98125,2013,NISSAN,LEAF,Battery Electric Vehicle (BEV),Clean Alternative Fuel Vehicle Eligible,75,0,46,4116388,POINT (-122.30253 47.72656),CITY OF SEATTLE - (WA)|CITY OF TACOMA - (WA),53033000102
JTDKN3DP0D,King,Normandy Park,WA,98166,2013,TOYOTA,PRIUS PLUG-IN,Plug-in Hybrid Electric Vehicle (PHEV),Not eligible due to low battery range,6,0,33,349843910,POINT (-122.34102 47.46593),PUGET SOUND ENERGY INC||CITY OF TACOMA - (WA),53033028600
1G1FZ6S04N,King,Kent,WA,98030,2022,CHEVROLET,BOLT EUV,Battery Electric Vehicle (BEV),Eligibility unknown as battery range has not been researched,0,0,47,208707026,POINT (-122.19975 47.37483),PUGET SOUND ENERGY INC||CITY OF TACOMA - (WA),53033029603
4JGDM2EB3P,King,Shoreline,WA,98177,2023,MERCEDES-BENZ,EQS-CLASS SUV,Battery Electric Vehicle (BEV),Eligibility unknown as battery range has not been researched,0,0,32,274161142,POINT (-122.36498 47.72238),CITY OF SEATTLE - (WA)|CITY OF TACOMA - (WA),53033020200
JA4T5VA9XP,King,Seattle,WA,98125,2023,MITSUBISHI,OUTLANDER,Plug-in Hybrid Electric Vehicle (PHEV),Clean Alternative Fuel Vehicle Eligible,38,0,46,240494019,POINT (-122.30253 47.72656),CITY OF SEATTLE - (WA)|CITY OF TACOMA - (WA),53033001202
YV4H60CW0P,King,Bothell,WA,98011,2023,VOLVO,XC90,Plug-in Hybrid Electric Vehicle (PHEV),Clean Alternative Fuel Vehicle Eligible,32,0,1,244427494,POINT (-122.20563 47.76144),PUGET SOUND ENERGY INC||CITY OF TACOMA - (WA),53033022001
5YJ3E1EB7M,King,Bellevue,WA,98004,2021,TESLA,MODEL 3,Battery Electric Vehicle (BEV),Eligibility unknown as battery range has not been researched,0,0,41,150767564,POINT (-122.1872 47.61001),PUGET SOUND ENERGY INC||CITY OF TACOMA - (WA),53033023807
WBY73AW07P,King,Redmond,WA,98052,2023,BMW,I4,Battery Electric Vehicle (BEV),Eligibility unknown as battery range has not been researched,0,0,48,224365207,POINT (-122.13158 47.67858),PUGET SOUND ENERGY INC||CITY OF TACOMA - (WA),53033022606
5NMMCET12P,King,Seattle,WA,98103,2023,GENESIS,GV70,Battery Electric Vehicle (BEV),Eligibility unknown as battery range has not been researched,0,0,36,261518820,POINT (-122.35436 47.67596),CITY OF SEATTLE - (WA)|CITY OF TACOMA - (WA),53033002900
WBY53EJ09R,King,Seattle,WA,98144,2024,BMW,I7,Battery Electric Vehicle (BEV),Eligibility unknown as battery range has not been researched,0,0,37,263002288,POINT (-122.30866 47.57874),CITY OF SEATTLE - (WA)|CITY OF TACOMA - (WA),53033008900
JTDKN3DP1C,King,Seattle,WA,98122,2012,TOYOTA,PRIUS PLUG-IN,Plug-in Hybrid Electric Vehicle (PHEV),Not eligible due to low battery range,6,0,37,221473906,POINT (-122.31009 47.60803),CITY OF SEATTLE - (WA)|CITY OF TACOMA - (WA),53033008700
W1KCG5FBXP,King,Seattle,WA,98125,2023,MERCEDES-BENZ,EQS-CLASS SEDAN,Battery Electric Vehicle (BEV),Eligibility unknown as battery range has not been researched,0,0,46,260751599,POINT (-122.30253 47.72656),CITY OF SEATTLE - (WA)|CITY OF TACOMA - (WA),53033000900
7SAYGDEE9R,King,Bellevue,WA,98004,2024,TESLA,MODEL Y,Battery Electric Vehicle (BEV),Eligibility unknown as battery range has not been researched,0,0,48,270025010,POINT (-122.1872 47.61001),PUGET SOUND ENERGY INC||CITY OF TACOMA - (WA),53033024001
5UXKT0C54J,King,Bellevue,WA,98004,2018,BMW,X5,Plug-in Hybrid Electric Vehicle (PHEV),Not eligible due to low battery range,13,0,41,142954584,POINT (-122.1872 47.61001),PUGET SOUND ENERGY INC||CITY OF TACOMA - (WA),53033023901
WP0AC2Y10L,King,Kirkland,WA,98034,2020,PORSCHE,TAYCAN,Battery Electric Vehicle (BEV),Clean Alternative Fuel Vehicle Eligible,192,0,45,228883182,POINT (-122.22901 47.72201),PUGET SOUND ENERGY INC||CITY OF TACOMA - (WA),53033022005
7SAYGAEE9R,Clark,La Center,WA,98629,2024,TESLA,MODEL Y,Battery Electric Vehicle (BEV),Eligibility unknown as battery range has not been researched,0,0,20,262623231,POINT (-122.67248 45.86156),BONNEVILLE POWER ADMINISTRATION||PUD NO 1 OF CLARK COUNTY - (WA),53011040202
5YJ3E1EA3L,King,Shoreline,WA,98177,2020,TESLA,MODEL 3,Battery Electric Vehicle (BEV),Clean Alternative Fuel Vehicle Eligible,266,0,32,9484541,POINT (-122.36498 47.72238),CITY OF SEATTLE - (WA)|CITY OF TACOMA - (WA),53033020200
KM8KRDDF3R,King,Seattle,WA,98125,2024,HYUNDAI,IONIQ 5,Battery Electric Vehicle (BEV),Eligibility unknown as battery range has not been researched,0,0,46,273930275,POINT (-122.30253 47.72656),CITY OF SEATTLE - (WA)|CITY OF TACOMA - (WA),53033000800
KNDCC3LG5L,King,Kirkland,WA,98033,2020,KIA,NIRO,Battery Electric Vehicle (BEV),Clean Alternative Fuel Vehicle Eligible,239,0,45,148268802,POINT (-122.2066 47.67887),PUGET SOUND ENERGY INC||CITY OF TACOMA - (WA),53033022402
5YJYGAEE8M,Cowlitz,Kalama,WA,98625,2021,TESLA,MODEL Y,Battery Electric Vehicle (BEV),Eligibility unknown as battery range has not been researched,0,0,20,153981915,POINT (-122.84226 46.00813),BONNEVILLE POWER ADMINISTRATION||PUD NO 1 OF COWLITZ COUNTY,53015001602
5YJ3E1EB8J,Island,Oak Harbor,WA,98277,2018,TESLA,MODEL 3,Battery Electric Vehicle (BEV),Clean Alternative Fuel Vehicle Eligible,215,0,10,476085669,POINT (-122.64682 48.29077),PUGET SOUND ENERGY INC,53029970602
5YJ3E1EB7J,King,Seattle,WA,98101,2018,TESLA,MODEL 3,Battery Electric Vehicle (BEV),Clean Alternative Fuel Vehicle Eligible,215,0,43,150592956,POINT (-122.34223 47.61085),CITY OF SEATTLE - (WA)|CITY OF TACOMA - (WA),53033008401
7SAYGDEE0R,King,Bellevue,WA,98004,2024,TESLA,MODEL Y,Battery Electric Vehicle (BEV),Eligibility unknown as battery range has not been researched,0,0,48,265069031,POINT (-122.1872 47.61001),PUGET SOUND ENERGY INC||CITY OF TACOMA - (WA),53033024002
1V2WNPE8XP,King,Seattle,WA,98125,2023,VOLKSWAGEN,ID.4,Battery Electric Vehicle (BEV),Eligibility unknown as battery range has not been researched,0,0,46,271026696,POINT (-122.30253 47.72656),CITY OF SEATTLE - (WA)|CITY OF TACOMA - (WA),53033000101
7SAYGDEE6R,King,Bellevue,WA,98004,2024,TESLA,MODEL Y,Battery Electric Vehicle (BEV),Eligibility unknown as battery range has not been researched,0,0,48,266986177,POINT (-122.1872 47.61001),PUGET SOUND ENERGY INC||CITY OF TACOMA - (WA),53033024001
7SAXCDE51P,King,Kirkland,WA,98034,2023,TESLA,MODEL X,Battery Electric Vehicle (BEV),Eligibility unknown as battery range has not been researched,0,0,1,240298348,POINT (-122.22901 47.72201),PUGET SOUND ENERGY INC||CITY OF TACOMA - (WA),53033022203
5YJ3E1EB1K,King,Seattle,WA,98133,2019,TESLA,MODEL 3,Battery Electric Vehicle (BEV),Clean Alternative Fuel Vehicle Eligible,220,0,36,478400919,POINT (-122.35029 47.71871),CITY OF SEATTLE - (WA)|CITY OF TACOMA - (WA),53033001400
7SAXCAE51P,King,Seattle,WA,98125,2023,TESLA,MODEL X,Battery Electric Vehicle (BEV),Eligibility unknown as battery range has not been researched,0,0,46,245422901,POINT (-122.30253 47.72656),CITY OF SEATTLE - (WA)|CITY OF TACOMA - (WA),53033000601
KM8KRDDFXR,King,Seattle,WA,98125,2024,HYUNDAI,IONIQ 5,Battery Electric Vehicle (BEV),Eligibility unknown as battery range has not been researched,0,0,46,267522419,POINT (-122.30253 47.72656),CITY OF SEATTLE - (WA)|CITY OF TACOMA - (WA),53033000102
ZASPATDWXR,Kitsap,Port Orchard,WA,98366,2024,ALFA ROMEO,TONALE,Plug-in Hybrid Electric Vehicle (PHEV),Clean Alternative Fuel Vehicle Eligible,33,0,26,265052553,POINT (-122.63847 47.54103),PUGET SOUND ENERGY INC,53035092704
KNDC3DLC8N,King,Seattle,WA,98122,2022,KIA,EV6,Battery Electric Vehicle (BEV),Eligibility unknown as battery range has not been researched,0,0,37,205615994,POINT (-122.31009 47.60803),CITY OF SEATTLE - (WA)|CITY OF TACOMA - (WA),53033007800
1G1FZ6S04K,King,Bellevue,WA,98005,2019,CHEVROLET,BOLT EV,Battery Electric Vehicle (BEV),Clean Alternative Fuel Vehicle Eligible,238,0,48,141051081,POINT (-122.1621 47.64441),PUGET SOUND ENERGY INC||CITY OF TACOMA - (WA),53033023701
5YJ3E1EB2K,King,Seattle,WA,98112,2019,TESLA,MODEL 3,Battery Electric Vehicle (BEV),Clean Alternative Fuel Vehicle Eligible,220,0,43,175400515,POINT (-122.30207 47.64085),CITY OF SEATTLE - (WA)|CITY OF TACOMA - (WA),53033006300
1GYKPTRK0R,King,Auburn,WA,98092,2024,CADILLAC,LYRIQ,Battery Electric Vehicle (BEV),Eligibility unknown as battery range has not been researched,0,0,47,252745230,POINT (-122.1821 47.3199),PUGET SOUND ENERGY INC||CITY OF TACOMA - (WA),53033029602
KM8KMDDF9R,King,Sammamish,WA,98075,2024,HYUNDAI,IONIQ 5,Battery Electric Vehicle (BEV),Eligibility unknown as battery range has not been researched,0,0,41,263007041,POINT (-122.03539 47.61344),PUGET SOUND ENERGY INC||CITY OF TACOMA - (WA),53033032215
JTMAB3FV4S,King,Seattle,WA,98112,2025,TOYOTA,RAV4 PRIME,Plug-in Hybrid Electric Vehicle (PHEV),Clean Alternative Fuel Vehicle Eligible,42,0,43,277826419,POINT (-122.30207 47.64085),CITY OF SEATTLE - (WA)|CITY OF TACOMA - (WA),53033006300
7SAYGDEE1N,King,Sammamish,WA,98075,2022,TESLA,MODEL Y,Battery Electric Vehicle (BEV),Eligibility unknown as battery range has not been researched,0,0,41,220141960,POINT (-122.03539 47.61344),PUGET SOUND ENERGY INC||CITY OF TACOMA - (WA),53033032224
7SAYGDEE0P,King,Seattle,WA,98122,2023,TESLA,MODEL Y,Battery Electric Vehicle (BEV),Eligibility unknown as battery range has not been researched,0,0,43,259912327,POINT (-122.31009 47.60803),CITY OF SEATTLE - (WA)|CITY OF TACOMA - (WA),53033007502
KNDC3DLC4N,King,Seattle,WA,98133,2022,KIA,EV6,Battery Electric Vehicle (BEV),Eligibility unknown as battery range has not been researched,0,0,32,204702893,POINT (-122.35029 47.71871),CITY OF SEATTLE - (WA)|CITY OF TACOMA - (WA),53033000404
WA1F2BFY5P,King,Seattle,WA,98146,2023,AUDI,Q5 E,Plug-in Hybrid Electric Vehicle (PHEV),Not eligible due to low battery range,23,0,34,244836245,POINT (-122.36178 47.49408),CITY OF SEATTLE - (WA)|CITY OF TACOMA - (WA),53033012100
1C4RJYE68N,King,Seattle,WA,98115,2022,JEEP,GRAND CHEROKEE,Plug-in Hybrid Electric Vehicle (PHEV),Not eligible due to low battery range,25,0,46,228075018,POINT (-122.31676 47.68156),CITY OF SEATTLE - (WA)|CITY OF TACOMA - (WA),53033002000
WBA33AG03N,King,Seattle,WA,98109,2022,BMW,530E,Plug-in Hybrid Electric Vehicle (PHEV),Not eligible due to low battery range,18,0,36,254074397,POINT (-122.35022 47.63824),CITY OF SEATTLE - (WA)|CITY OF TACOMA - (WA),53033006701
WB523CF05P,King,Seattle,WA,98112,2023,BMW,IX,Battery Electric Vehicle (BEV),Eligibility unknown as battery range has not been researched,0,0,37,228751267,POINT (-122.30207 47.64085),CITY OF SEATTLE - (WA)|CITY OF TACOMA - (WA),53033007800
5YJ3E1EB3J,King,Bellevue,WA,98007,2018,TESLA,MODEL 3,Battery Electric Vehicle (BEV),Clean Alternative Fuel Vehicle Eligible,215,0,48,133363205,POINT (-122.12056 47.61334),PUGET SOUND ENERGY INC||CITY OF TACOMA - (WA),53033022805
1G1FY6S04N,King,Kirkland,WA,98034,2022,CHEVROLET,BOLT EUV,Battery Electric Vehicle (BEV),Eligibility unknown as battery range has not been researched,0,0,45,211383329,POINT (-122.22901 47.72201),PUGET SOUND ENERGY INC||CITY OF TACOMA - (WA),53033021904
7SAYGDEE2R,King,Seattle,WA,98107,2024,TESLA,MODEL Y,Battery Electric Vehicle (BEV),Eligibility unknown as battery range has not been researched,0,0,43,267235398,POINT (-122.38591 47.67597),CITY OF SEATTLE - (WA)|CITY OF TACOMA - (WA),53033004800
5YJ3E1EB1J,King,Seattle,WA,98133,2018,TESLA,MODEL 3,Battery Electric Vehicle (BEV),Clean Alternative Fuel Vehicle Eligible,215,0,46,142804056,POINT (-122.35029 47.71871),CITY OF SEATTLE - (WA)|CITY OF TACOMA - (WA),53033001300
5YJ3E1EA9P,Kitsap,Poulsbo,WA,98370,2023,TESLA,MODEL 3,Battery Electric Vehicle (BEV),Eligibility unknown as battery range has not been researched,0,0,23,245163852,POINT (-122.64681 47.73689),PUGET SOUND ENERGY INC,53035091100
JTDKARFP3H,King,Kirkland,WA,98033,2017,TOYOTA,PRIUS PRIME,Plug-in Hybrid Electric Vehicle (PHEV),Not eligible due to low battery range,25,0,48,142296297,POINT (-122.2066 47.67887),PUGET SOUND ENERGY INC||CITY OF TACOMA - (WA),53033022603
1G1FX6S04P,King,Seattle,WA,98103,2023,CHEVROLET,BOLT EV,Battery Electric Vehicle (BEV),Eligibility unknown as battery range has not been researched,0,0,36,244614779,POINT (-122.35436 47.67596),CITY OF SEATTLE - (WA)|CITY OF TACOMA - (WA),53033002900
5YJ3E1EA9P,King,Kirkland,WA,98034,2023,TESLA,MODEL 3,Battery Electric Vehicle (BEV),Eligibility unknown as battery range has not been researched,0,0,45,236445744,POINT (-122.22901 47.72201),PUGET SOUND ENERGY INC||CITY OF TACOMA - (WA),53033022005
1GKB0SDC3R,Thurston,Rainier,WA,98576,2024,GMC,HUMMER EV SUV,Battery Electric Vehicle (BEV),Eligibility unknown as battery range has not been researched,0,0,2,276452284,POINT (-122.68993 46.88897),PUGET SOUND ENERGY INC,53067012530
JTDKN3DP0C,King,Seattle,WA,98102,2012,TOYOTA,PRIUS PLUG-IN,Plug-in Hybrid Electric Vehicle (PHEV),Not eligible due to low battery range,6,0,43,221550010,POINT (-122.32427 47.63433),CITY OF SEATTLE - (WA)|CITY OF TACOMA - (WA),53033006600
1FADP3R46D,Yakima,Yakima,WA,98902,2013,FORD,FOCUS,Battery Electric Vehicle (BEV),Clean Alternative Fuel Vehicle Eligible,76,0,15,221233442,POINT (-120.52401 46.59739),PACIFICORP,53077001100
1G1FW6S03H,Kitsap,Port Orchard,WA,98367,2017,CHEVROLET,BOLT EV,Battery Electric Vehicle (BEV),Clean Alternative Fuel Vehicle Eligible,238,0,26,196814537,POINT (-122.68516 47.50645),PUGET SOUND ENERGY INC,53035092802
5YJXCBE22K,King,Bellevue,WA,98004,2019,TESLA,MODEL X,Battery Electric Vehicle (BEV),Clean Alternative Fuel Vehicle Eligible,289,0,48,241905653,POINT (-122.1872 47.61001),PUGET SOUND ENERGY INC||CITY OF TACOMA - (WA),53033024001
1N4AZ0CP0D,Thurston,Tenino,WA,98589,2013,NISSAN,LEAF,Battery Electric Vehicle (BEV),Clean Alternative Fuel Vehicle Eligible,75,0,20,475628338,POINT (-122.85135 46.85752),PUGET SOUND ENERGY INC,53067012610
2C4RC1L74P,Clark,Vancouver,WA,98682,2023,CHRYSLER,PACIFICA,Plug-in Hybrid Electric Vehicle (PHEV),Clean Alternative Fuel Vehicle Eligible,32,0,17,267862045,POINT (-122.55149 45.69345),BONNEVILLE POWER ADMINISTRATION||PUD NO 1 OF CLARK COUNTY - (WA),53011040711
1C4JJXP62P,King,Tukwila,WA,98188,2023,JEEP,WRANGLER,Plug-in Hybrid Electric Vehicle (PHEV),Not eligible due to low battery range,21,0,11,238814712,POINT (-122.29179 47.43473),PUGET SOUND ENERGY INC||CITY OF TACOMA - (WA),53033028200
1G1FZ6S01M,Kitsap,Bainbridge Island,WA,98110,2021,CHEVROLET,BOLT EV,Battery Electric Vehicle (BEV),Eligibility unknown as battery range has not been researched,0,0,23,154217213,POINT (-122.521 47.62728),PUGET SOUND ENERGY INC,53035091002
5YJ3E1EA3M,Snohomish,Everett,WA,98201,2021,TESLA,MODEL 3,Battery Electric Vehicle (BEV),Eligibility unknown as battery range has not been researched,0,0,38,156830187,POINT (-122.20596 47.97659),PUGET SOUND ENERGY INC,53061040200
WP0AE2A73J,King,Bellevue,WA,98005,2018,PORSCHE,PANAMERA,Plug-in Hybrid Electric Vehicle (PHEV),Not eligible due to low battery range,16,0,48,325343287,POINT (-122.1621 47.64441),PUGET SOUND ENERGY INC||CITY OF TACOMA - (WA),53033022805
7SAYGAEE4N,King,Seattle,WA,98125,2022,TESLA,MODEL Y,Battery Electric Vehicle (BEV),Eligibility unknown as battery range has not been researched,0,0,46,193827630,POINT (-122.30253 47.72656),CITY OF SEATTLE - (WA)|CITY OF TACOMA - (WA),53033001100
3GN7DLRP3S,Yakima,Yakima,WA,98902,2025,CHEVROLET,EQUINOX EV,Battery Electric Vehicle (BEV),Eligibility unknown as battery range has not been researched,0,0,14,278219336,POINT (-120.52401 46.59739),PACIFICORP,53077001000
5YJ3E1EA9J,Clark,Battle Ground,WA,98604,2018,TESLA,MODEL 3,Battery Electric Vehicle (BEV),Clean Alternative Fuel Vehicle Eligible,215,0,18,339882952,POINT (-122.5331 45.78092),BONNEVILLE POWER ADMINISTRATION||PUD NO 1 OF CLARK COUNTY - (WA),53011040407
5YJSA1E26F,King,Renton,WA,98055,2015,TESLA,MODEL S,Battery Electric Vehicle (BEV),Clean Alternative Fuel Vehicle Eligible,208,0,11,122419874,POINT (-122.197 47.43876),PUGET SOUND ENERGY INC||CITY OF TACOMA - (WA),53033025805
3FMTK3SUXM,King,Redmond,WA,98052,2021,FORD,MUSTANG MACH-E,Battery Electric Vehicle (BEV),Eligibility unknown as battery range has not been researched,0,0,45,185598010,POINT (-122.13158 47.67858),PUGET SOUND ENERGY INC||CITY OF TACOMA - (WA),53033032321
JN1AF0BA5R,King,Kent,WA,98030,2024,NISSAN,ARIYA,Battery Electric Vehicle (BEV),Eligibility unknown as battery range has not been researched,0,0,47,272266501,POINT (-122.19975 47.37483),PUGET SOUND ENERGY INC||CITY OF TACOMA - (WA),53033029507
7SAYGDEE9S,King,Redmond,WA,98052,2025,TESLA,MODEL Y,Battery Electric Vehicle (BEV),Eligibility unknown as battery range has not been researched,0,0,45,276914431,POINT (-122.13158 47.67858),PUGET SOUND ENERGY INC||CITY OF TACOMA - (WA),53033032321
WA1E2AFY7P,King,Seattle,WA,98116,2023,AUDI,Q5 E,Plug-in Hybrid Electric Vehicle (PHEV),Not eligible due to low battery range,23,0,34,232837783,POINT (-122.41067 47.57894),CITY OF SEATTLE - (WA)|CITY OF TACOMA - (WA),53033009600
JN1AF0BA9R,King,Kent,WA,98030,2024,NISSAN,ARIYA,Battery Electric Vehicle (BEV),Eligibility unknown as battery range has not been researched,0,0,47,273817820,POINT (-122.19975 47.37483),PUGET SOUND ENERGY INC||CITY OF TACOMA - (WA),53033029506
3FMTK1RM3M,King,Shoreline,WA,98155,2021,FORD,MUSTANG MACH-E,Battery Electric Vehicle (BEV),Eligibility unknown as battery range has not been researched,0,0,32,183158769,POINT (-122.3175 47.75781),CITY OF SEATTLE - (WA)|CITY OF TACOMA - (WA),53033021100
1FMCU0E1XP,King,Kent,WA,98032,2023,FORD,ESCAPE,Plug-in Hybrid Electric Vehicle (PHEV),Clean Alternative Fuel Vehicle Eligible,37,0,33,276540379,POINT (-122.23741 47.3807),PUGET SOUND ENERGY INC||CITY OF TACOMA - (WA),53033029203
JN1AF0BA8P,Kitsap,Poulsbo,WA,98370,2023,NISSAN,ARIYA,Battery Electric Vehicle (BEV),Eligibility unknown as battery range has not been researched,0,0,23,241728364,POINT (-122.64681 47.73689),PUGET SOUND ENERGY INC,53035090502
KNDPYDAHXP,Snohomish,Bothell,WA,98021,2023,KIA,SPORTAGE,Plug-in Hybrid Electric Vehicle (PHEV),Clean Alternative Fuel Vehicle Eligible,34,0,1,238716488,POINT (-122.18384 47.8031),PUGET SOUND ENERGY INC,53061051917
5UXKT0C34H,King,Kirkland,WA,98034,2017,BMW,X5,Plug-in Hybrid Electric Vehicle (PHEV),Not eligible due to low battery range,14,0,1,349146885,POINT (-122.22901 47.72201),PUGET SOUND ENERGY INC||CITY OF TACOMA - (WA),53033022300
3FMTK4SE0P,King,Auburn,WA,98002,2023,FORD,MUSTANG MACH-E,Battery Electric Vehicle (BEV),Eligibility unknown as battery range has not been researched,0,0,31,249883791,POINT (-122.22285 47.30507),PUGET SOUND ENERGY INC||CITY OF TACOMA - (WA),53033030802
W1KEG2CB0P,King,Kirkland,WA,98034,2023,MERCEDES-BENZ,EQE-CLASS SEDAN,Battery Electric Vehicle (BEV),Eligibility unknown as battery range has not been researched,0,0,45,276694071,POINT (-122.22901 47.72201),PUGET SOUND ENERGY INC||CITY OF TACOMA - (WA),53033021903
3FMTK2SU1P,King,Redmond,WA,98052,2023,FORD,MUSTANG MACH-E,Battery Electric Vehicle (BEV),Eligibility unknown as battery range has not been researched,0,0,45,249791643,POINT (-122.13158 47.67858),PUGET SOUND ENERGY INC||CITY OF TACOMA - (WA),53033032323
JTMFB3FVXM,King,Bellevue,WA,98004,2021,TOYOTA,RAV4 PRIME,Plug-in Hybrid Electric Vehicle (PHEV),Clean Alternative Fuel Vehicle Eligible,42,0,48,274099143,POINT (-122.1872 47.61001),PUGET SOUND ENERGY INC||CITY OF TACOMA - (WA),53033024001
WP0AA2Y10R,Kitsap,Bainbridge Island,WA,98110,2024,PORSCHE,TAYCAN,Battery Electric Vehicle (BEV),Eligibility unknown as battery range has not been researched,0,0,23,273425435,POINT (-122.521 47.62728),PUGET SOUND ENERGY INC,53035090800
3C3CFFGE8H,King,Auburn,WA,98092,2017,FIAT,500,Battery Electric Vehicle (BEV),Clean Alternative Fuel Vehicle Eligible,84,0,47,142127366,POINT (-122.1821 47.3199),PUGET SOUND ENERGY INC||CITY OF TACOMA - (WA),53033029602
7SAYGDEE6N,King,Redmond,WA,98052,2022,TESLA,MODEL Y,Battery Electric Vehicle (BEV),Eligibility unknown as battery range has not been researched,0,0,45,183087782,POINT (-122.13158 47.67858),PUGET SOUND ENERGY INC||CITY OF TACOMA - (WA),53033032321
7SAYGDED6S,King,Kirkland,WA,98034,2025,TESLA,MODEL Y,Battery Electric Vehicle (BEV),Eligibility unknown as battery range has not been researched,0,0,45,275266169,POINT (-122.22901 47.72201),PUGET SOUND ENERGY INC||CITY OF TACOMA - (WA),53033022003
1N4AZ0CP3D,King,Kent,WA,98042,2013,NISSAN,LEAF,Battery Electric Vehicle (BEV),Clean Alternative Fuel Vehicle Eligible,75,0,47,212360025,POINT (-122.09124 47.33778),PUGET SOUND ENERGY INC||CITY OF TACOMA - (WA),53033031800
5YJ3E1EA9L,King,Redmond,WA,98052,2020,TESLA,MODEL 3,Battery Electric Vehicle (BEV),Clean Alternative Fuel Vehicle Eligible,266,0,45,105014563,POINT (-122.13158 47.67858),PUGET SOUND ENERGY INC||CITY OF TACOMA - (WA),53033032330
5UX43EU08R,King,Seattle,WA,98101,2024,BMW,X5,Plug-in Hybrid Electric Vehicle (PHEV),Clean Alternative Fuel Vehicle Eligible,39,0,43,258394972,POINT (-122.34223 47.61085),CITY OF SEATTLE - (WA)|CITY OF TACOMA - (WA),53033008101
5YJXCBE42G,Clark,Vancouver,WA,98685,2016,TESLA,MODEL X,Battery Electric Vehicle (BEV),Clean Alternative Fuel Vehicle Eligible,200,0,18,273213013,POINT (-122.70303 45.70954),BONNEVILLE POWER ADMINISTRATION||PUD NO 1 OF CLARK COUNTY - (WA),53011040909
5YJ3E1EC0M,King,Redmond,WA,98052,2021,TESLA,MODEL 3,Battery Electric Vehicle (BEV),Eligibility unknown as battery range has not been researched,0,0,45,177923406,POINT (-122.13158 47.67858),PUGET SOUND ENERGY INC||CITY OF TACOMA - (WA),53033032324
1N4BZ1CP3L,Clark,Vancouver,WA,98686,2020,NISSAN,LEAF,Battery Electric Vehicle (BEV),Clean Alternative Fuel Vehicle Eligible,215,0,49,249762642,POINT (-122.62731 45.71668),BONNEVILLE POWER ADMINISTRATION||PUD NO 1 OF CLARK COUNTY - (WA),53011040904
50EA1TEA5P,King,Seattle,WA,98122,2023,LUCID,AIR,Battery Electric Vehicle (BEV),Eligibility unknown as battery range has not been researched,0,0,37,257496102,POINT (-122.31009 47.60803),CITY OF SEATTLE - (WA)|CITY OF TACOMA - (WA),53033007800
7SAYGDEEXR,King,Redmond,WA,98052,2024,TESLA,MODEL Y,Battery Electric Vehicle (BEV),Eligibility unknown as battery range has not been researched,0,0,45,268672043,POINT (-122.13158 47.67858),PUGET SOUND ENERGY INC||CITY OF TACOMA - (WA),53033032323
JTMFB3FV7M,King,Sammamish,WA,98074,2021,TOYOTA,RAV4 PRIME,Plug-in Hybrid Electric Vehicle (PHEV),Clean Alternative Fuel Vehicle Eligible,42,0,45,185828275,POINT (-122.02054 47.60326),PUGET SOUND ENERGY INC||CITY OF TACOMA - (WA),53033032318
5YJYGDEEXM,King,Seattle,WA,98144,2021,TESLA,MODEL Y,Battery Electric Vehicle (BEV),Eligibility unknown as battery range has not been researched,0,0,37,146823358,POINT (-122.30866 47.57874),CITY OF SEATTLE - (WA)|CITY OF TACOMA - (WA),53033008900
7G2CEHED4R,King,Bothell,WA,98011,2024,TESLA,CYBERTRUCK,Battery Electric Vehicle (BEV),Eligibility unknown as battery range has not been researched,0,0,1,271153865,POINT (-122.20563 47.76144),PUGET SOUND ENERGY INC||CITY OF TACOMA - (WA),53033022001
KM8KRDDF9R,Clark,Vancouver,WA,98686,2024,HYUNDAI,IONIQ 5,Battery Electric Vehicle (BEV),Eligibility unknown as battery range has not been researched,0,0,49,264983127,POINT (-122.62731 45.71668),BONNEVILLE POWER ADMINISTRATION||PUD NO 1 OF CLARK COUNTY - (WA),53011040803
5YJ3E1EB0L,King,Kirkland,WA,98033,2020,TESLA,MODEL 3,Battery Electric Vehicle (BEV),Clean Alternative Fuel Vehicle Eligible,322,0,48,235256395,POINT (-122.2066 47.67887),PUGET SOUND ENERGY INC||CITY OF TACOMA - (WA),53033022502
1N4AZ0CP4D,King,Kirkland,WA,98034,2013,NISSAN,LEAF,Battery Electric Vehicle (BEV),Clean Alternative Fuel Vehicle Eligible,75,0,45,195670394,POINT (-122.22901 47.72201),PUGET SOUND ENERGY INC||CITY OF TACOMA - (WA),53033021903
KNDPZDDH9S,Clark,Vancouver,WA,98685,2025,KIA,SPORTAGE,Plug-in Hybrid Electric Vehicle (PHEV),Clean Alternative Fuel Vehicle Eligible,34,0,18,272315963,POINT (-122.70303 45.70954),BONNEVILLE POWER ADMINISTRATION||PUD NO 1 OF CLARK COUNTY - (WA),53011040909
1N4AZ1CP6L,King,Renton,WA,98057,2020,NISSAN,LEAF,Battery Electric Vehicle (BEV),Clean Alternative Fuel Vehicle Eligible,149,0,37,240512653,POINT (-122.20489 47.47532),PUGET SOUND ENERGY INC||CITY OF TACOMA - (WA),53033025302
5YJ3E1EA1R,King,Kirkland,WA,98033,2024,TESLA,MODEL 3,Battery Electric Vehicle (BEV),Eligibility unknown as battery range has not been researched,0,0,48,270121071,POINT (-122.2066 47.67887),PUGET SOUND ENERGY INC||CITY OF TACOMA - (WA),53033022603
1C4JJXR66P,King,Issaquah,WA,98027,2023,JEEP,WRANGLER,Plug-in Hybrid Electric Vehicle (PHEV),Not eligible due to low battery range,21,0,5,271643851,POINT (-122.03439 47.5301),PUGET SOUND ENERGY INC||CITY OF TACOMA - (WA),53033032103
JTDKAMFPXN,Cowlitz,Castle Rock,WA,98611,2022,TOYOTA,PRIUS PRIME,Plug-in Hybrid Electric Vehicle (PHEV),Not eligible due to low battery range,25,0,20,273197676,POINT (-122.90724 46.27509),BONNEVILLE POWER ADMINISTRATION||PUD NO 1 OF COWLITZ COUNTY,53015002003
YV4H60RM5S,King,Seattle,WA,98125,2025,VOLVO,XC60,Plug-in Hybrid Electric Vehicle (PHEV),Clean Alternative Fuel Vehicle Eligible,35,0,46,274124224,POINT (-122.30253 47.72656),CITY OF SEATTLE - (WA)|CITY OF TACOMA - (WA),53033000900
5YJ3E1EA3K,King,Bothell,WA,98011,2019,TESLA,MODEL 3,Battery Electric Vehicle (BEV),Clean Alternative Fuel Vehicle Eligible,220,0,1,474429686,POINT (-122.20563 47.76144),PUGET SOUND ENERGY INC||CITY OF TACOMA - (WA),53033021905
WVWKP7AU8G,King,Burien,WA,98146,2016,VOLKSWAGEN,E-GOLF,Battery Electric Vehicle (BEV),Clean Alternative Fuel Vehicle Eligible,83,0,34,122409822,POINT (-122.36178 47.49408),CITY OF SEATTLE - (WA)|CITY OF TACOMA - (WA),53033026700
WA124BGF0S,Kitsap,Silverdale,WA,98383,2025,AUDI,Q6,Battery Electric Vehicle (BEV),Eligibility unknown as battery range has not been researched,0,0,23,276904491,POINT (-122.69275 47.65171),PUGET SOUND ENERGY INC,53035091302
3GNKDCRJ5R,King,Kirkland,WA,98033,2024,CHEVROLET,BLAZER EV,Battery Electric Vehicle (BEV),Eligibility unknown as battery range has not been researched,0,0,48,275762224,POINT (-122.2066 47.67887),PUGET SOUND ENERGY INC||CITY OF TACOMA - (WA),53033022603
7SAYGDEE5P,Kitsap,Bainbridge Island,WA,98110,2023,TESLA,MODEL Y,Battery Electric Vehicle (BEV),Eligibility unknown as battery range has not been researched,0,0,23,253607938,POINT (-122.521 47.62728),PUGET SOUND ENERGY INC,53035090700
5YJYGDEE1M,Yakima,Zillah,WA,98953,2021,TESLA,MODEL Y,Battery Electric Vehicle (BEV),Eligibility unknown as battery range has not been researched,0,0,15,172852123,POINT (-120.26226 46.40199),PACIFICORP,53077002201
1N4AZ0CP0D,King,Kent,WA,98030,2013,NISSAN,LEAF,Battery Electric Vehicle (BEV),Clean Alternative Fuel Vehicle Eligible,75,0,33,141356687,POINT (-122.19975 47.37483),PUGET SOUND ENERGY INC||CITY OF TACOMA - (WA),53033029702
KM8KRDAF3N,King,Bellevue,WA,98007,2022,HYUNDAI,IONIQ 5,Battery Electric Vehicle (BEV),Eligibility unknown as battery range has not been researched,0,0,48,272657038,POINT (-122.12056 47.61334),PUGET SOUND ENERGY INC||CITY OF TACOMA - (WA),53033023603
WVGTMPE28N,Thurston,Olympia,WA,98501,2022,VOLKSWAGEN,ID.4,Battery Electric Vehicle (BEV),Eligibility unknown as battery range has not been researched,0,0,22,251100188,POINT (-122.89166 47.03956),PUGET SOUND ENERGY INC,53067010100
YV4BR0CK3K,King,Kirkland,WA,98033,2019,VOLVO,XC90,Plug-in Hybrid Electric Vehicle (PHEV),Not eligible due to low battery range,17,0,45,477288437,POINT (-122.2066 47.67887),PUGET SOUND ENERGY INC||CITY OF TACOMA - (WA),53033022006
5YJXCBE28J,King,Bellevue,WA,98004,2018,TESLA,MODEL X,Battery Electric Vehicle (BEV),Clean Alternative Fuel Vehicle Eligible,238,0,48,117103213,POINT (-122.1872 47.61001),PUGET SOUND ENERGY INC||CITY OF TACOMA - (WA),53033023806
5YJYGDEE1M,King,Seattle,WA,98125,2021,TESLA,MODEL Y,Battery Electric Vehicle (BEV),Eligibility unknown as battery range has not been researched,0,0,46,151700321,POINT (-122.30253 47.72656),CITY OF SEATTLE - (WA)|CITY OF TACOMA - (WA),53033001202
5YJ3E1EA6P,Clark,Camas,WA,98607,2023,TESLA,MODEL 3,Battery Electric Vehicle (BEV),Eligibility unknown as battery range has not been researched,0,0,18,251350494,POINT (-122.40199 45.58694),BONNEVILLE POWER ADMINISTRATION||PUD NO 1 OF CLARK COUNTY - (WA),53011040610
1FMCU0E12P,Kitsap,Port Orchard,WA,98366,2023,FORD,ESCAPE,Plug-in Hybrid Electric Vehicle (PHEV),Clean Alternative Fuel Vehicle Eligible,37,0,26,249115562,POINT (-122.63847 47.54103),PUGET SOUND ENERGY INC,53035092600
KNDCD3LD4J,King,Seattle,WA,98109,2018,KIA,NIRO,Plug-in Hybrid Electric Vehicle (PHEV),Not eligible due to low battery range,26,0,36,159956765,POINT (-122.35022 47.63824),CITY OF SEATTLE - (WA)|CITY OF TACOMA - (WA),53033007002
1G1FY6S03M,Clark,Vancouver,WA,98682,2021,CHEVROLET,BOLT EV,Battery Electric Vehicle (BEV),Eligibility unknown as battery range has not been researched,0,0,17,155011104,POINT (-122.55149 45.69345),BONNEVILLE POWER ADMINISTRATION||PUD NO 1 OF CLARK COUNTY - (WA),53011040714
1N4AZ0CP2G,Kitsap,Bainbridge Island,WA,98110,2016,NISSAN,LEAF,Battery Electric Vehicle (BEV),Clean Alternative Fuel Vehicle Eligible,84,0,23,200074717,POINT (-122.521 47.62728),PUGET SOUND ENERGY INC,53035090800
KNDCC3LG6L,King,Kirkland,WA,98034,2020,KIA,NIRO,Battery Electric Vehicle (BEV),Clean Alternative Fuel Vehicle Eligible,239,0,1,153979346,POINT (-122.22901 47.72201),PUGET SOUND ENERGY INC||CITY OF TACOMA - (WA),53033022300
KNDAEFS5XR,King,Kirkland,WA,98034,2024,KIA,EV9,Battery Electric Vehicle (BEV),Eligibility unknown as battery range has not been researched,0,0,45,272509163,POINT (-122.22901 47.72201),PUGET SOUND ENERGY INC||CITY OF TACOMA - (WA),53033022005
5YJ3E1EA3K,King,Bellevue,WA,98004,2019,TESLA,MODEL 3,Battery Electric Vehicle (BEV),Clean Alternative Fuel Vehicle Eligible,220,0,41,262178451,POINT (-122.1872 47.61001),PUGET SOUND ENERGY INC||CITY OF TACOMA - (WA),53033023902
5YJ3E1EAXR,King,Seattle,WA,98101,2024,TESLA,MODEL 3,Battery Electric Vehicle (BEV),Eligibility unknown as battery range has not been researched,0,0,43,262912338,POINT (-122.34223 47.61085),CITY OF SEATTLE - (WA)|CITY OF TACOMA - (WA),53033008300
YSMFD3KA2R,King,Bellevue,WA,98004,2024,POLESTAR,PS2,Battery Electric Vehicle (BEV),Eligibility unknown as battery range has not been researched,0,0,48,268559343,POINT (-122.1872 47.61001),PUGET SOUND ENERGY INC||CITY OF TACOMA - (WA),53033023806
WA16AAGE3R,Clark,La Center,WA,98629,2024,AUDI,Q8,Battery Electric Vehicle (BEV),Eligibility unknown as battery range has not been researched,0,0,18,257949695,POINT (-122.67248 45.86156),BONNEVILLE POWER ADMINISTRATION||PUD NO 1 OF CLARK COUNTY - (WA),53011040201
JA4T5WA95R,King,Seattle,WA,98109,2024,MITSUBISHI,OUTLANDER,Plug-in Hybrid Electric Vehicle (PHEV),Clean Alternative Fuel Vehicle Eligible,38,0,43,268834940,POINT (-122.35022 47.63824),CITY OF SEATTLE - (WA)|CITY OF TACOMA - (WA),53033007301
5YJ3E1EB3P,King,Redmond,WA,98052,2023,TESLA,MODEL 3,Battery Electric Vehicle (BEV),Eligibility unknown as battery range has not been researched,0,0,45,227269143,POINT (-122.13158 47.67858),PUGET SOUND ENERGY INC||CITY OF TACOMA - (WA),53033032321
1N4AZ0CP8F,King,Redmond,WA,98052,2015,NISSAN,LEAF,Battery Electric Vehicle (BEV),Clean Alternative Fuel Vehicle Eligible,84,0,45,198626592,POINT (-122.13158 47.67858),PUGET SOUND ENERGY INC||CITY OF TACOMA - (WA),53033032324
JTMAB3FV6M,Kitsap,Bainbridge Island,WA,98110,2021,TOYOTA,RAV4 PRIME,Plug-in Hybrid Electric Vehicle (PHEV),Clean Alternative Fuel Vehicle Eligible,42,0,23,180918713,POINT (-122.521 47.62728),PUGET SOUND ENERGY INC,53035091002
7SAYGAEE7N,King,Seattle,WA,98112,2022,TESLA,MODEL Y,Battery Electric Vehicle (BEV),Eligibility unknown as battery range has not been researched,0,0,43,211283257,POINT (-122.30207 47.64085),CITY OF SEATTLE - (WA)|CITY OF TACOMA - (WA),53033006300
WP0AC2Y16M,King,Bothell,WA,98011,2021,PORSCHE,TAYCAN,Battery Electric Vehicle (BEV),Clean Alternative Fuel Vehicle Eligible,192,0,1,253477794,POINT (-122.20563 47.76144),PUGET SOUND ENERGY INC||CITY OF TACOMA - (WA),53033022001
5YJ3E1EA7J,Clark,Vancouver,WA,98662,2018,TESLA,MODEL 3,Battery Electric Vehicle (BEV),Clean Alternative Fuel Vehicle Eligible,215,0,17,161105381,POINT (-122.57722 45.64251),BONNEVILLE POWER ADMINISTRATION||PUD NO 1 OF CLARK COUNTY - (WA),53011040709
7SAYGDEE7N,Clark,Vancouver,WA,98661,2022,TESLA,MODEL Y,Battery Electric Vehicle (BEV),Eligibility unknown as battery range has not been researched,0,0,49,227373058,POINT (-122.62934 45.63201),BONNEVILLE POWER ADMINISTRATION||PUD NO 1 OF CLARK COUNTY - (WA),53011042602
1N4BZ0CP2G,King,Seattle,WA,98112,2016,NISSAN,LEAF,Battery Electric Vehicle (BEV),Clean Alternative Fuel Vehicle Eligible,84,0,43,108390229,POINT (-122.30207 47.64085),CITY OF SEATTLE - (WA)|CITY OF TACOMA - (WA),53033006400
KMHC75LH5J,Island,Oak Harbor,WA,98277,2018,HYUNDAI,IONIQ,Battery Electric Vehicle (BEV),Clean Alternative Fuel Vehicle Eligible,124,0,10,267578027,POINT (-122.64682 48.29077),PUGET SOUND ENERGY INC,53029970601
5YJ3E1EB3M,Kitsap,Port Orchard,WA,98366,2021,TESLA,MODEL 3,Battery Electric Vehicle (BEV),Eligibility unknown as battery range has not been researched,0,0,26,151807057,POINT (-122.63847 47.54103),PUGET SOUND ENERGY INC,53035092200
7SAYGAEE7R,King,Bellevue,WA,98007,2024,TESLA,MODEL Y,Battery Electric Vehicle (BEV),Eligibility unknown as battery range has not been researched,0,0,48,267766621,POINT (-122.12056 47.61334),PUGET SOUND ENERGY INC||CITY OF TACOMA - (WA),53033023401
1G1FZ6S06P,King,Woodinville,WA,98072,2023,CHEVROLET,BOLT EUV,Battery Electric Vehicle (BEV),Eligibility unknown as battery range has not been researched,0,0,45,273694704,POINT (-122.15545 47.75448),PUGET SOUND ENERGY INC||CITY OF TACOMA - (WA),53033032319
7SAYGDEE5P,King,Kirkland,WA,98034,2023,TESLA,MODEL Y,Battery Electric Vehicle (BEV),Eligibility unknown as battery range has not been researched,0,0,1,252319917,POINT (-122.22901 47.72201),PUGET SOUND ENERGY INC||CITY OF TACOMA - (WA),53033022201
JTDKARFP9H,Clark,Vancouver,WA,98685,2017,TOYOTA,PRIUS PRIME,Plug-in Hybrid Electric Vehicle (PHEV),Not eligible due to low battery range,25,0,18,220302428,POINT (-122.70303 45.70954),BONNEVILLE POWER ADMINISTRATION||PUD NO 1 OF CLARK COUNTY - (WA),53011040908
5YJYGDEE8M,Thurston,Olympia,WA,98502,2021,TESLA,MODEL Y,Battery Electric Vehicle (BEV),Eligibility unknown as battery range has not been researched,0,0,35,181179141,POINT (-122.92333 47.03779),PUGET SOUND ENERGY INC,53067011901
1C4RJYE61N,King,Bothell,WA,98011,2022,JEEP,GRAND CHEROKEE,Plug-in Hybrid Electric Vehicle (PHEV),Not eligible due to low battery range,25,0,1,219490533,POINT (-122.20563 47.76144),PUGET SOUND ENERGY INC||CITY OF TACOMA - (WA),53033022001
5YJ3E1EA2J,King,Bellevue,WA,98006,2018,TESLA,MODEL 3,Battery Electric Vehicle (BEV),Clean Alternative Fuel Vehicle Eligible,215,0,41,291061669,POINT (-122.12096 47.55584),PUGET SOUND ENERGY INC||CITY OF TACOMA - (WA),53033024905
JTJHKCFZ6R,King,Newcastle,WA,98059,2024,LEXUS,NX,Plug-in Hybrid Electric Vehicle (PHEV),Clean Alternative Fuel Vehicle Eligible,37,0,41,266030894,POINT (-122.15734 47.48718),PUGET SOUND ENERGY INC||CITY OF TACOMA - (WA),53033025005
1C4RJXR67R,King,Kirkland,WA,98034,2024,JEEP,WRANGLER,Plug-in Hybrid Electric Vehicle (PHEV),Not eligible due to low battery range,21,0,45,275584389,POINT (-122.22901 47.72201),PUGET SOUND ENERGY INC||CITY OF TACOMA - (WA),53033022006
1N4AZ1BPXL,King,Bellevue,WA,98004,2020,NISSAN,LEAF,Battery Electric Vehicle (BEV),Clean Alternative Fuel Vehicle Eligible,149,0,48,138427089,POINT (-122.1872 47.61001),PUGET SOUND ENERGY INC||CITY OF TACOMA - (WA),53033023806
1C4JJXN61P,King,Tukwila,WA,98188,2023,JEEP,WRANGLER,Plug-in Hybrid Electric Vehicle (PHEV),Not eligible due to low battery range,21,0,11,237969742,POINT (-122.29179 47.43473),PUGET SOUND ENERGY INC||CITY OF TACOMA - (WA),53033028200
JTMEB3FV5R,Clark,Camas,WA,98607,2024,TOYOTA,RAV4 PRIME,Plug-in Hybrid Electric Vehicle (PHEV),Clean Alternative Fuel Vehicle Eligible,42,0,18,262255969,POINT (-122.40199 45.58694),BONNEVILLE POWER ADMINISTRATION||PUD NO 1 OF CLARK COUNTY - (WA),53011040609
WVWPR7AUXK,Clark,Vancouver,WA,98685,2019,VOLKSWAGEN,E-GOLF,Battery Electric Vehicle (BEV),Clean Alternative Fuel Vehicle Eligible,125,0,18,277507709,POINT (-122.70303 45.70954),BONNEVILLE POWER ADMINISTRATION||PUD NO 1 OF CLARK COUNTY - (WA),53011040908
5YJ3E1ET5R,King,Covington,WA,98042,2024,TESLA,MODEL 3,Battery Electric Vehicle (BEV),Eligibility unknown as battery range has not been researched,0,0,47,268731893,POINT (-122.09124 47.33778),PUGET SOUND ENERGY INC||CITY OF TACOMA - (WA),53033031705
1FT6W1EV4P,Kitsap,Bainbridge Island,WA,98110,2023,FORD,F-150,Battery Electric Vehicle (BEV),Eligibility unknown as battery range has not been researched,0,0,23,267060678,POINT (-122.521 47.62728),PUGET SOUND ENERGY INC,53035090700
1G1FX6S01H,King,Kirkland,WA,98033,2017,CHEVROLET,BOLT EV,Battery Electric Vehicle (BEV),Clean Alternative Fuel Vehicle Eligible,238,0,48,331975094,POINT (-122.2066 47.67887),PUGET SOUND ENERGY INC||CITY OF TACOMA - (WA),53033022703
5YJ3E1EAXP,King,Duvall,WA,98019,2023,TESLA,MODEL 3,Battery Electric Vehicle (BEV),Eligibility unknown as battery range has not been researched,0,0,45,245561102,POINT (-121.98609 47.74068),PUGET SOUND ENERGY INC||CITY OF TACOMA - (WA),53033032402
WBY53EJ03R,King,Bellevue,WA,98005,2024,BMW,I7,Battery Electric Vehicle (BEV),Eligibility unknown as battery range has not been researched,0,0,48,254440581,POINT (-122.1621 47.64441),PUGET SOUND ENERGY INC||CITY OF TACOMA - (WA),53033022805
WVGTMPE27N,King,Kirkland,WA,98033,2022,VOLKSWAGEN,ID.4,Battery Electric Vehicle (BEV),Eligibility unknown as battery range has not been researched,0,0,48,232758977,POINT (-122.2066 47.67887),PUGET SOUND ENERGY INC||CITY OF TACOMA - (WA),53033022603
5YJ3E1EA5L,Thurston,Olympia,WA,98512,2020,TESLA,MODEL 3,Battery Electric Vehicle (BEV),Clean Alternative Fuel Vehicle Eligible,266,0,35,124645867,POINT (-122.9131 47.01359),PUGET SOUND ENERGY INC,53067012730
5YJ3E1EA3P,King,Seattle,WA,98125,2023,TESLA,MODEL 3,Battery Electric Vehicle (BEV),Eligibility unknown as battery range has not been researched,0,0,46,238524793,POINT (-122.30253 47.72656),PUGET SOUND ENERGY INC||CITY OF TACOMA - (WA),53033000900
7SAYGAEE4R,King,Covington,WA,98042,2024,TESLA,MODEL Y,Battery Electric Vehicle (BEV),Eligibility unknown as battery range has not been researched,0,0,47,263122254,POINT (-122.09124 47.33778),PUGET SOUND ENERGY INC||CITY OF TACOMA - (WA),53033031705
5YJ3E1EC8P,King,Bellevue,WA,98005,2023,TESLA,MODEL 3,Battery Electric Vehicle (BEV),Eligibility unknown as battery range has not been researched,0,0,41,227332871,POINT (-122.1621 47.64441),PUGET SOUND ENERGY INC||CITY OF TACOMA - (WA),53033023601
7SAYGDEF9P,King,Seattle,WA,98177,2023,TESLA,MODEL Y,Battery Electric Vehicle (BEV),Eligibility unknown as battery range has not been researched,0,0,36,231035976,POINT (-122.36498 47.72238),CITY OF SEATTLE - (WA)|CITY OF TACOMA - (WA),53033001400
7SAYGDEE2P,King,Bellevue,WA,98006,2023,TESLA,MODEL Y,Battery Electric Vehicle (BEV),Eligibility unknown as battery range has not been researched,0,0,41,256353702,POINT (-122.12096 47.55584),PUGET SOUND ENERGY INC||CITY OF TACOMA - (WA),53033025006
1G1RC6S53J,King,Burien,WA,98166,2018,CHEVROLET,VOLT,Plug-in Hybrid Electric Vehicle (PHEV),Clean Alternative Fuel Vehicle Eligible,53,0,34,179640247,POINT (-122.34102 47.46593),CITY OF SEATTLE - (WA)|CITY OF TACOMA - (WA),53033027600
5YJXCAE21H,King,Redmond,WA,98052,2017,TESLA,MODEL X,Battery Electric Vehicle (BEV),Clean Alternative Fuel Vehicle Eligible,200,0,45,348746877,POINT (-122.13158 47.67858),PUGET SOUND ENERGY INC||CITY OF TACOMA - (WA),53033032321
5YJYGAEE6M,Clark,Vancouver,WA,98685,2021,TESLA,MODEL Y,Battery Electric Vehicle (BEV),Eligibility unknown as battery range has not been researched,0,0,18,182629212,POINT (-122.70303 45.70954),BONNEVILLE POWER ADMINISTRATION||PUD NO 1 OF CLARK COUNTY - (WA),53011040907
5YJ3E1EB2K,King,Seattle,WA,98125,2019,TESLA,MODEL 3,Battery Electric Vehicle (BEV),Clean Alternative Fuel Vehicle Eligible,220,0,46,194408343,POINT (-122.30253 47.72656),CITY OF SEATTLE - (WA)|CITY OF TACOMA - (WA),53033002200
5YJ3E1EA3P,Thurston,Lacey,WA,98503,2023,TESLA,MODEL 3,Battery Electric Vehicle (BEV),Eligibility unknown as battery range has not been researched,0,0,22,241352142,POINT (-122.82324 47.04437),PUGET SOUND ENERGY INC,53067011200
YV4BR0DK8M,King,Seattle,WA,98105,2021,VOLVO,XC60,Plug-in Hybrid Electric Vehicle (PHEV),Not eligible due to low battery range,18,0,43,264522779,POINT (-122.31307 47.66127),CITY OF SEATTLE - (WA)|CITY OF TACOMA - (WA),53033005201
7SAYGDEEXN,King,Seattle,WA,98115,2022,TESLA,MODEL Y,Battery Electric Vehicle (BEV),Eligibility unknown as battery range has not been researched,0,0,43,187389709,POINT (-122.31676 47.68156),CITY OF SEATTLE - (WA)|CITY OF TACOMA - (WA),53033003601
KNDCC3LG8N,King,Seattle,WA,98144,2022,KIA,NIRO,Battery Electric Vehicle (BEV),Eligibility unknown as battery range has not been researched,0,0,37,273992589,POINT (-122.30866 47.57874),CITY OF SEATTLE - (WA)|CITY OF TACOMA - (WA),53033009500
5UX43EU01S,King,Federal Way,WA,98023,2025,BMW,X5,Plug-in Hybrid Electric Vehicle (PHEV),Clean Alternative Fuel Vehicle Eligible,40,0,30,270197896,POINT (-122.36321 47.3084),PUGET SOUND ENERGY INC||CITY OF TACOMA - (WA),53033030101
5YJYGDEE7M,Cowlitz,Silverlake,WA,98645,2021,TESLA,MODEL Y,Battery Electric Vehicle (BEV),Eligibility unknown as battery range has not been researched,0,0,20,275080375,POINT (-122.8112 46.29694),BONNEVILLE POWER ADMINISTRATION||PUD NO 1 OF COWLITZ COUNTY,53015001800
3FMTK3SU9M,King,Seattle,WA,98112,2021,FORD,MUSTANG MACH-E,Battery Electric Vehicle (BEV),Eligibility unknown as battery range has not been researched,0,0,43,187437491,POINT (-122.30207 47.64085),CITY OF SEATTLE - (WA)|CITY OF TACOMA - (WA),53033007600
1G1FY6S03P,Kitsap,Bainbridge Island,WA,98110,2023,CHEVROLET,BOLT EUV,Battery Electric Vehicle (BEV),Eligibility unknown as battery range has not been researched,0,0,23,228427104,POINT (-122.521 47.62728),PUGET SOUND ENERGY INC,53035090700
5YJ3E1EA9P,King,Bellevue,WA,98004,2023,TESLA,MODEL 3,Battery Electric Vehicle (BEV),Eligibility unknown as battery range has not been researched,0,0,41,233459572,POINT (-122.1872 47.61001),PUGET SOUND ENERGY INC||CITY OF TACOMA - (WA),53033023801
5LMTJ5DZ2P,King,Bellevue,WA,98006,2023,LINCOLN,CORSAIR,Plug-in Hybrid Electric Vehicle (PHEV),Not eligible due to low battery range,28,0,41,261014827,POINT (-122.12096 47.55584),PUGET SOUND ENERGY INC||CITY OF TACOMA - (WA),53033024701
WP0AB2Y14L,King,Seattle,WA,98112,2020,PORSCHE,TAYCAN,Battery Electric Vehicle (BEV),Clean Alternative Fuel Vehicle Eligible,203,0,37,261374676,POINT (-122.30207 47.64085),CITY OF SEATTLE - (WA)|CITY OF TACOMA - (WA),53033007700
3GN7DLRR1R,Clark,Vancouver,WA,98662,2024,CHEVROLET,EQUINOX EV,Battery Electric Vehicle (BEV),Eligibility unknown as battery range has not been researched,0,0,17,272120705,POINT (-122.57722 45.64251),BONNEVILLE POWER ADMINISTRATION||PUD NO 1 OF CLARK COUNTY - (WA),53011040703
1G1FZ6S04N,King,Seattle,WA,98177,2022,CHEVROLET,BOLT EUV,Battery Electric Vehicle (BEV),Eligibility unknown as battery range has not been researched,0,0,36,272425828,POINT (-122.36498 47.72238),CITY OF SEATTLE - (WA)|CITY OF TACOMA - (WA),53033001400
5YJSA1E27L,King,Redmond,WA,98052,2020,TESLA,MODEL S,Battery Electric Vehicle (BEV),Clean Alternative Fuel Vehicle Eligible,330,0,45,233523328,POINT (-122.13158 47.67858),PUGET SOUND ENERGY INC||CITY OF TACOMA - (WA),53033032321
1N4AZ0CP3E,King,Sammamish,WA,98074,2014,NISSAN,LEAF,Battery Electric Vehicle (BEV),Clean Alternative Fuel Vehicle Eligible,84,0,45,205603828,POINT (-122.02054 47.60326),PUGET SOUND ENERGY INC||CITY OF TACOMA - (WA),53033032216
5YJ3E1EB2K,King,Seattle,WA,98122,2019,TESLA,MODEL 3,Battery Electric Vehicle (BEV),Clean Alternative Fuel Vehicle Eligible,220,0,37,475449145,POINT (-122.31009 47.60803),CITY OF SEATTLE - (WA)|CITY OF TACOMA - (WA),53033007800
7SAYGDEE3P,Jefferson,Port Ludlow,WA,98365,2023,TESLA,MODEL Y,Battery Electric Vehicle (BEV),Eligibility unknown as battery range has not been researched,0,0,24,251695503,POINT (-122.68475 47.92989),BONNEVILLE POWER ADMINISTRATION||PUGET SOUND ENERGY INC||PUD NO 1 OF JEFFERSON COUNTY,53031950301
JA4J24A59K,King,Seattle,WA,98144,2019,MITSUBISHI,OUTLANDER,Plug-in Hybrid Electric Vehicle (PHEV),Not eligible due to low battery range,22,0,37,8103973,POINT (-122.30866 47.57874),CITY OF SEATTLE - (WA)|CITY OF TACOMA - (WA),53033008900
5YJYGDEE8M,King,Bellevue,WA,98004,2021,TESLA,MODEL Y,Battery Electric Vehicle (BEV),Eligibility unknown as battery range has not been researched,0,0,48,154185657,POINT (-122.1872 47.61001),PUGET SOUND ENERGY INC||CITY OF TACOMA - (WA),53033024001
7SAYGDEE4P,King,Issaquah,WA,98029,2023,TESLA,MODEL Y,Battery Electric Vehicle (BEV),Eligibility unknown as battery range has not been researched,0,0,5,226026349,POINT (-122.00292 47.54748),PUGET SOUND ENERGY INC||CITY OF TACOMA - (WA),53033032220
YV4ED3URXM,Clark,Vancouver,WA,98682,2021,VOLVO,XC40,Battery Electric Vehicle (BEV),Eligibility unknown as battery range has not been researched,0,0,17,269966595,POINT (-122.55149 45.69345),BONNEVILLE POWER ADMINISTRATION||PUD NO 1 OF CLARK COUNTY - (WA),53011040713
7SAYGDEE4P,King,Bellevue,WA,98006,2023,TESLA,MODEL Y,Battery Electric Vehicle (BEV),Eligibility unknown as battery range has not been researched,0,0,41,244384878,POINT (-122.12096 47.55584),PUGET SOUND ENERGY INC||CITY OF TACOMA - (WA),53033024904
KM8KNDAF8P,Cowlitz,Kelso,WA,98626,2023,HYUNDAI,IONIQ 5,Battery Electric Vehicle (BEV),Eligibility unknown as battery range has not been researched,0,0,20,232808117,POINT (-122.89867 46.14424),BONNEVILLE POWER ADMINISTRATION||PUD NO 1 OF COWLITZ COUNTY,53015001700
3GPKHXRJ1R,King,Seattle,WA,98125,2024,HONDA,PROLOGUE,Battery Electric Vehicle (BEV),Eligibility unknown as battery range has not been researched,0,0,46,275107143,POINT (-122.30253 47.72656),CITY OF SEATTLE - (WA)|CITY OF TACOMA - (WA),53033000800
5YJ3E1EC0M,King,Kirkland,WA,98034,2021,TESLA,MODEL 3,Battery Electric Vehicle (BEV),Eligibility unknown as battery range has not been researched,0,0,45,166411493,POINT (-122.22901 47.72201),PUGET SOUND ENERGY INC||CITY OF TACOMA - (WA),53033021904
7SAYGDEE8R,King,Bellevue,WA,98006,2024,TESLA,MODEL Y,Battery Electric Vehicle (BEV),Eligibility unknown as battery range has not been researched,0,0,41,268268136,POINT (-122.12096 47.55584),PUGET SOUND ENERGY INC||CITY OF TACOMA - (WA),53033024901
7SAXCBE61P,King,Seattle,WA,98112,2023,TESLA,MODEL X,Battery Electric Vehicle (BEV),Eligibility unknown as battery range has not been researched,0,0,43,228193598,POINT (-122.30207 47.64085),CITY OF SEATTLE - (WA)|CITY OF TACOMA - (WA),53033006400
1FTVW1EL5P,King,Sammamish,WA,98075,2023,FORD,F-150,Battery Electric Vehicle (BEV),Eligibility unknown as battery range has not been researched,0,0,41,228405068,POINT (-122.03539 47.61344),PUGET SOUND ENERGY INC||CITY OF TACOMA - (WA),53033032217
WBY13HG08S,King,Bellevue,WA,98006,2025,BMW,I5,Battery Electric Vehicle (BEV),Eligibility unknown as battery range has not been researched,0,0,41,276292866,POINT (-122.12096 47.55584),PUGET SOUND ENERGY INC||CITY OF TACOMA - (WA),53033024901
5YJXCAE24H,Snohomish,Lake Stevens,WA,98258,2017,TESLA,MODEL X,Battery Electric Vehicle (BEV),Clean Alternative Fuel Vehicle Eligible,200,0,44,348752414,POINT (-122.06402 48.01497),PUGET SOUND ENERGY INC,53061052506
JTDKAMFP6N,King,Seattle,WA,98125,2022,TOYOTA,PRIUS PRIME,Plug-in Hybrid Electric Vehicle (PHEV),Not eligible due to low battery range,25,0,46,179990968,POINT (-122.30253 47.72656),CITY OF SEATTLE - (WA)|CITY OF TACOMA - (WA),53033000900
YV4H60DL0R,King,Seattle,WA,98101,2024,VOLVO,XC60,Plug-in Hybrid Electric Vehicle (PHEV),Clean Alternative Fuel Vehicle Eligible,35,0,43,269132797,POINT (-122.34223 47.61085),CITY OF SEATTLE - (WA)|CITY OF TACOMA - (WA),53033008401
JTJHKCFZ0S,King,Seattle,WA,98116,2025,LEXUS,NX,Plug-in Hybrid Electric Vehicle (PHEV),Clean Alternative Fuel Vehicle Eligible,37,0,34,268527241,POINT (-122.41067 47.57894),CITY OF SEATTLE - (WA)|CITY OF TACOMA - (WA),53033009600
5YJSA1E28J,Clark,Vancouver,WA,98685,2018,TESLA,MODEL S,Battery Electric Vehicle (BEV),Clean Alternative Fuel Vehicle Eligible,249,0,18,216916990,POINT (-122.70303 45.70954),BONNEVILLE POWER ADMINISTRATION||PUD NO 1 OF CLARK COUNTY - (WA),53011040907
5YJ3E1EB2J,King,Bellevue,WA,98008,2018,TESLA,MODEL 3,Battery Electric Vehicle (BEV),Clean Alternative Fuel Vehicle Eligible,215,0,48,474598309,POINT (-122.11867 47.63131),PUGET SOUND ENERGY INC||CITY OF TACOMA - (WA),53033023100
3FA6P0SU5H,Clark,Battle Ground,WA,98604,2017,FORD,FUSION,Plug-in Hybrid Electric Vehicle (PHEV),Not eligible due to low battery range,21,0,18,110213218,POINT (-122.5331 45.78092),BONNEVILLE POWER ADMINISTRATION||PUD NO 1 OF CLARK COUNTY - (WA),53011040203
5YJ3E1EB1N,King,Kirkland,WA,98034,2022,TESLA,MODEL 3,Battery Electric Vehicle (BEV),Eligibility unknown as battery range has not been researched,0,0,1,202295565,POINT (-122.22901 47.72201),PUGET SOUND ENERGY INC||CITY OF TACOMA - (WA),53033022203
YV4BR0DL3J,Clark,Battle Ground,WA,98604,2018,VOLVO,XC60,Plug-in Hybrid Electric Vehicle (PHEV),Not eligible due to low battery range,17,52900,20,257643298,POINT (-122.5331 45.78092),BONNEVILLE POWER ADMINISTRATION||PUD NO 1 OF CLARK COUNTY - (WA),53011040203
1N4CZ1CV8P,King,Sammamish,WA,98075,2023,NISSAN,LEAF,Battery Electric Vehicle (BEV),Eligibility unknown as battery range has not been researched,0,0,41,260552456,POINT (-122.03539 47.61344),PUGET SOUND ENERGY INC||CITY OF TACOMA - (WA),53033032224
5YJ3E1EA1L,Thurston,Olympia,WA,98513,2020,TESLA,MODEL 3,Battery Electric Vehicle (BEV),Clean Alternative Fuel Vehicle Eligible,266,0,2,104932131,POINT (-122.81754 46.98876),PUGET SOUND ENERGY INC,53067012331
5YJYGDEF3M,King,Woodinville,WA,98072,2021,TESLA,MODEL Y,Battery Electric Vehicle (BEV),Eligibility unknown as battery range has not been researched,0,0,45,181261104,POINT (-122.15545 47.75448),PUGET SOUND ENERGY INC||CITY OF TACOMA - (WA),53033021906
5YJ3E1EA8K,King,Bellevue,WA,98004,2019,TESLA,MODEL 3,Battery Electric Vehicle (BEV),Clean Alternative Fuel Vehicle Eligible,220,0,48,178763637,POINT (-122.1872 47.61001),PUGET SOUND ENERGY INC||CITY OF TACOMA - (WA),53033024001
KNDRMDLH0N,King,Redmond,WA,98052,2022,KIA,SORENTO,Plug-in Hybrid Electric Vehicle (PHEV),Clean Alternative Fuel Vehicle Eligible,32,0,45,211073453,POINT (-122.13158 47.67858),PUGET SOUND ENERGY INC||CITY OF TACOMA - (WA),53033032330
7SAYGDEEXP,King,Kirkland,WA,98034,2023,TESLA,MODEL Y,Battery Electric Vehicle (BEV),Eligibility unknown as battery range has not been researched,0,0,1,236441530,POINT (-122.22901 47.72201),PUGET SOUND ENERGY INC||CITY OF TACOMA - (WA),53033022300
5YJ3E1EA6R,King,Kirkland,WA,98033,2024,TESLA,MODEL 3,Battery Electric Vehicle (BEV),Eligibility unknown as battery range has not been researched,0,0,48,272360056,POINT (-122.2066 47.67887),PUGET SOUND ENERGY INC||CITY OF TACOMA - (WA),53033022603
WA1E2AFY2S,King,Federal Way,WA,98003,2025,AUDI,Q5 E,Plug-in Hybrid Electric Vehicle (PHEV),Not eligible due to low battery range,28,0,30,277052786,POINT (-122.3303 47.30151),PUGET SOUND ENERGY INC||CITY OF TACOMA - (WA),53033030003
5YJ3E1EB3N,Clark,Vancouver,WA,98685,2022,TESLA,MODEL 3,Battery Electric Vehicle (BEV),Eligibility unknown as battery range has not been researched,0,0,18,213758422,POINT (-122.70303 45.70954),BONNEVILLE POWER ADMINISTRATION||PUD NO 1 OF CLARK COUNTY - (WA),53011040908
1N4BZ0CP4H,Thurston,Olympia,WA,98506,2017,NISSAN,LEAF,Battery Electric Vehicle (BEV),Clean Alternative Fuel Vehicle Eligible,107,0,22,184894377,POINT (-122.87741 47.05997),PUGET SOUND ENERGY INC,53067012100
1G1FX6S0XJ,King,Seattle,WA,98109,2018,CHEVROLET,BOLT EV,Battery Electric Vehicle (BEV),Clean Alternative Fuel Vehicle Eligible,238,0,43,348485812,POINT (-122.35022 47.63824),CITY OF SEATTLE - (WA)|CITY OF TACOMA - (WA),53033007303
4JGFB4GB5R,King,Seattle,WA,98125,2024,MERCEDES-BENZ,GLE-CLASS,Plug-in Hybrid Electric Vehicle (PHEV),Clean Alternative Fuel Vehicle Eligible,48,0,46,264886366,POINT (-122.30253 47.72656),CITY OF SEATTLE - (WA)|CITY OF TACOMA - (WA),53033000800
1G1FW6S07J,Thurston,Olympia,WA,98501,2018,CHEVROLET,BOLT EV,Battery Electric Vehicle (BEV),Clean Alternative Fuel Vehicle Eligible,238,0,22,348694111,POINT (-122.89166 47.03956),PUGET SOUND ENERGY INC,53067010100
KNDAEFS56R,King,Newcastle,WA,98059,2024,KIA,EV9,Battery Electric Vehicle (BEV),Eligibility unknown as battery range has not been researched,0,0,41,271330881,POINT (-122.15734 47.48718),PUGET SOUND ENERGY INC||CITY OF TACOMA - (WA),53033025005
KNDC4DLC3P,King,Kirkland,WA,98033,2023,KIA,EV6,Battery Electric Vehicle (BEV),Eligibility unknown as battery range has not been researched,0,0,45,230996874,POINT (-122.2066 47.67887),PUGET SOUND ENERGY INC||CITY OF TACOMA - (WA),53033022603
7PDSGABAXR,King,Bellevue,WA,98005,2024,RIVIAN,R1S,Battery Electric Vehicle (BEV),Eligibility unknown as battery range has not been researched,0,0,41,270895152,POINT (-122.1621 47.64441),PUGET SOUND ENERGY INC||CITY OF TACOMA - (WA),53033023500
1C4RJXN67R,Snohomish,Stanwood,WA,98292,2024,JEEP,WRANGLER,Plug-in Hybrid Electric Vehicle (PHEV),Not eligible due to low battery range,21,0,10,272615157,POINT (-122.37265 48.24159),BONNEVILLE POWER ADMINISTRATION||PUD 1 OF SNOHOMISH COUNTY,53061053302
1N4AZ0CPXE,King,Seattle,WA,98125,2014,NISSAN,LEAF,Battery Electric Vehicle (BEV),Clean Alternative Fuel Vehicle Eligible,84,0,46,238599497,POINT (-122.30253 47.72656),CITY OF SEATTLE - (WA)|CITY OF TACOMA - (WA),53033001000
5YJSA1CN1D,Clark,Camas,WA,98607,2013,TESLA,MODEL S,Battery Electric Vehicle (BEV),Clean Alternative Fuel Vehicle Eligible,208,69900,18,218955516,POINT (-122.40199 45.58694),BONNEVILLE POWER ADMINISTRATION||PUD NO 1 OF CLARK COUNTY - (WA),53011041400
KM8KNDAFXP,Clark,Vancouver,WA,98660,2023,HYUNDAI,IONIQ 5,Battery Electric Vehicle (BEV),Eligibility unknown as battery range has not been researched,0,0,49,236698059,POINT (-122.67156 45.63248),BONNEVILLE POWER ADMINISTRATION||PUD NO 1 OF CLARK COUNTY - (WA),53011042100
YV4ED3GM7P,King,Bellevue,WA,98006,2023,VOLVO,C40,Battery Electric Vehicle (BEV),Eligibility unknown as battery range has not been researched,0,0,41,272567634,POINT (-122.12096 47.55584),PUGET SOUND ENERGY INC||CITY OF TACOMA - (WA),53033024704
JTMABABA8R,King,Seattle,WA,98125,2024,SUBARU,SOLTERRA,Battery Electric Vehicle (BEV),Eligibility unknown as battery range has not been researched,0,0,46,278321732,POINT (-122.30253 47.72656),CITY OF SEATTLE - (WA)|CITY OF TACOMA - (WA),53033000700
7SAYGDEE3S,Kitsap,Bainbridge Island,WA,98110,2025,TESLA,MODEL Y,Battery Electric Vehicle (BEV),Eligibility unknown as battery range has not been researched,0,0,23,276505820,POINT (-122.521 47.62728),PUGET SOUND ENERGY INC,53035090902
7SAYGDED4S,King,Kirkland,WA,98034,2025,TESLA,MODEL Y,Battery Electric Vehicle (BEV),Eligibility unknown as battery range has not been researched,0,0,45,275842220,POINT (-122.22901 47.72201),PUGET SOUND ENERGY INC||CITY OF TACOMA - (WA),53033021904
4JGDM2EB2P,King,Seattle,WA,98112,2023,MERCEDES-BENZ,EQS-CLASS SUV,Battery Electric Vehicle (BEV),Eligibility unknown as battery range has not been researched,0,0,43,251008838,POINT (-122.30207 47.64085),CITY OF SEATTLE - (WA)|CITY OF TACOMA - (WA),53033006300
3GN7DLRR1S,Thurston,Olympia,WA,98513,2025,CHEVROLET,EQUINOX EV,Battery Electric Vehicle (BEV),Eligibility unknown as battery range has not been researched,0,0,2,276306579,POINT (-122.81754 46.98876),PUGET SOUND ENERGY INC,53067012320
1N4AZ1CP8K,King,Kirkland,WA,98034,2019,NISSAN,LEAF,Battery Electric Vehicle (BEV),Clean Alternative Fuel Vehicle Eligible,150,0,1,177556452,POINT (-122.22901 47.72201),PUGET SOUND ENERGY INC||CITY OF TACOMA - (WA),53033022203
7PDSGABA0P,Clark,Camas,WA,98607,2023,RIVIAN,R1S,Battery Electric Vehicle (BEV),Eligibility unknown as battery range has not been researched,0,0,18,251993640,POINT (-122.40199 45.58694),BONNEVILLE POWER ADMINISTRATION||PUD NO 1 OF CLARK COUNTY - (WA),53011041325
5YJYGAEE4M,King,Kent,WA,98031,2021,TESLA,MODEL Y,Battery Electric Vehicle (BEV),Eligibility unknown as battery range has not been researched,0,0,11,157629216,POINT (-122.17743 47.41185),PUGET SOUND ENERGY INC||CITY OF TACOMA - (WA),53033029306
7SAYGAEE5P,King,Seattle,WA,98103,2023,TESLA,MODEL Y,Battery Electric Vehicle (BEV),Eligibility unknown as battery range has not been researched,0,0,43,255150451,POINT (-122.35436 47.67596),CITY OF SEATTLE - (WA)|CITY OF TACOMA - (WA),53033003500
WBY1Z4C54F,King,Renton,WA,98055,2015,BMW,I3,Plug-in Hybrid Electric Vehicle (PHEV),Clean Alternative Fuel Vehicle Eligible,72,0,11,118153311,POINT (-122.197 47.43876),PUGET SOUND ENERGY INC||CITY OF TACOMA - (WA),53033029308
1N4BZ0CP2G,King,Seattle,WA,98103,2016,NISSAN,LEAF,Battery Electric Vehicle (BEV),Clean Alternative Fuel Vehicle Eligible,84,0,46,170754797,POINT (-122.35436 47.67596),CITY OF SEATTLE - (WA)|CITY OF TACOMA - (WA),53033002700
7SAYGDEF5N,King,Bellevue,WA,98006,2022,TESLA,MODEL Y,Battery Electric Vehicle (BEV),Eligibility unknown as battery range has not been researched,0,0,41,211760069,POINT (-122.12096 47.55584),PUGET SOUND ENERGY INC||CITY OF TACOMA - (WA),53033024901
JA4T5WA98R,King,Tukwila,WA,98168,2024,MITSUBISHI,OUTLANDER,Plug-in Hybrid Electric Vehicle (PHEV),Clean Alternative Fuel Vehicle Eligible,38,0,11,272272738,POINT (-122.3317 47.50314),CITY OF SEATTLE - (WA)|CITY OF TACOMA - (WA),53033026200
